student_id,course_id,gender,enrollment_reason,enrollment_status,final_grade,subject,semester,section,int,uv,percomp,tv,sum_discussion_posts,sum_n_words,overall_percent_earned,variability_percent_earned,n_with_100_pct
60186,AnPhA-S116-01,M,Course Unavailable at Local School,Approved/Enrolled,86.272,AnPhA,S116,01,4.2,4.333333333333333,4.5,4.142857142857143,9,939,0.9602941176470589,0.06739731197027603,11
66693,AnPhA-S116-01,M,Course Unavailable at Local School,Approved/Enrolled,93.7536,AnPhA,S116,01,5,5,5,5,6,311,0.9764705882352941,0.05783622774495308,16
66811,AnPhA-S116-01,F,Course Unavailable at Local School,Approved/Enrolled,91.2016,AnPhA,S116,01,4,4,NA,4,9,474,0.9452352941176471,0.11668716959629621,12
70532,AnPhA-S116-01,F,Learning Preference of the Student,Approved/Enrolled,93.64,AnPhA,S116,01,4.6,4.666666666666667,4,4.571428571428571,11,578,0.9485294117647058,0.07986169551512279,15
77010,AnPhA-S116-01,F,Learning Preference of the Student,Approved/Enrolled,73.1706672,AnPhA,S116,01,NA,3.6666666666666665,3.5,3.857142857142857,9,496,0.7375,0.3145606266440001,13
85249,AnPhA-S116-01,F,Course Unavailable at Local School,Approved/Enrolled,86.8912,AnPhA,S116,01,4,4,4.5,4,9,284,0.9566176470588236,0.06255380188164768,12
85411,AnPhA-S116-01,F,Scheduling Conflict,Approved/Enrolled,90.9157328,AnPhA,S116,01,4.4,4,3.5,4.142857142857143,12,452,0.9470588235294117,0.08340276377251046,12
85583,AnPhA-S116-01,F,Scheduling Conflict,Approved/Enrolled,91.6549328,AnPhA,S116,01,5,5,3.5,5,8,382,0.9441176470588235,0.16274036177017367,12
85866,AnPhA-S116-01,F,Learning Preference of the Student,Approved/Enrolled,75.1296,AnPhA,S116,01,5,4.666666666666667,4,4.857142857142857,7,138,0.8108823529411764,0.16386977603218153,5
85970,AnPhA-S116-01,F,Course Unavailable at Local School,Approved/Enrolled,81.6224,AnPhA,S116,01,4.2,4,3.5,4.142857142857143,9,239,0.9470588235294117,0.08018048901518032,13
86072,AnPhA-S116-01,M,Course Unavailable at Local School,Approved/Enrolled,91.2928,AnPhA,S116,01,4.8,4.666666666666667,3.5,4.714285714285714,9,368,0.9904411764705883,0.0319075556140416,16
86119,AnPhA-S116-01,F,Course Unavailable at Local School,Approved/Enrolled,71.7376,AnPhA,S116,01,4,4.666666666666667,4.5,4.571428571428571,9,301,0.7360882352941177,0.14379454560249924,8
86267,AnPhA-S116-01,F,Course Unavailable at Local School,Approved/Enrolled,35.0608,AnPhA,S116,01,5,5,4.5,5,NA,NA,0.45994117647058824,0.3299473363823785,3
86275,AnPhA-S116-01,F,Course Unavailable at Local School,Approved/Enrolled,95.0208,AnPhA,S116,01,4.4,4,3,4.285714285714286,12,454,0.9397058823529412,0.08043649196581164,13
86277,AnPhA-S116-01,F,Course Unavailable at Local School,Approved/Enrolled,89.8133328,AnPhA,S116,01,4.2,4,4,4,9,363,0.9674999999999999,0.05656408413503295,12
86286,AnPhA-S116-01,F,Course Unavailable at Local School,Approved/Enrolled,96.8144,AnPhA,S116,01,4.2,3.6666666666666665,2.5,4,10,372,0.9882352941176471,0.033921370646859815,17
86294,AnPhA-S116-01,F,Course Unavailable at Local School,Approved/Enrolled,83.4938672,AnPhA,S116,01,4,4.333333333333333,3.5,4.142857142857143,10,279,0.9037058823529411,0.11551983339301015,8
86432,AnPhA-S116-01,M,Scheduling Conflict,Approved/Enrolled,68.6629328,AnPhA,S116,01,3.8,4,3,3.857142857142857,14,211,0.8513235294117647,0.1856180603483545,10
86446,AnPhA-S116-01,F,Scheduling Conflict,Approved/Enrolled,85.6208,AnPhA,S116,01,4,3.6666666666666665,3,3.857142857142857,9,334,0.9338235294117647,0.09135113157353925,10
86451,AnPhA-S116-01,F,Scheduling Conflict,Approved/Enrolled,93.7024,AnPhA,S116,01,4.4,4.333333333333333,4,4.285714285714286,12,534,0.975,0.04060131037424163,12
86479,AnPhA-S116-01,F,Course Unavailable at Local School,Approved/Enrolled,92.6074672,AnPhA,S116,01,5,5,NA,5,9,255,0.9257647058823529,0.08364616894363644,11
86484,AnPhA-S116-01,M,Course Unavailable at Local School,Approved/Enrolled,80.0656,AnPhA,S116,01,4.2,4.666666666666667,4.5,4.428571428571429,11,472,0.8956176470588235,0.16380884862817663,8
86488,AnPhA-S116-01,F,Course Unavailable at Local School,Approved/Enrolled,87.4408,AnPhA,S116,01,4.2,3.6666666666666665,4,3.857142857142857,12,460,0.9389705882352941,0.10329459065905806,10
86492,AnPhA-S116-01,F,Course Unavailable at Local School,Approved/Enrolled,25.5928,AnPhA,S116,01,4,4,3.5,4,2,41,0.6717941176470588,0.22107674190241086,4
86504,AnPhA-S116-01,F,Scheduling Conflict,Approved/Enrolled,75.5392,AnPhA,S116,01,1.8,2.3333333333333335,2.5,2.142857142857143,13,378,0.7750882352941177,0.17494788797068161,3
86588,AnPhA-S116-01,F,Scheduling Conflict,Approved/Enrolled,19.84,AnPhA,S116,01,5,4.666666666666667,5,4.857142857142857,6,243,0.4764705882352941,0.18374284299182395,4
86608,AnPhA-S116-01,F,Course Unavailable at Local School,Approved/Enrolled,79.8506672,AnPhA,S116,01,4,4,3.5,4,10,284,0.8026470588235294,0.14725980321174564,5
87043,AnPhA-S116-01,F,Other,Approved/Enrolled,91.312,AnPhA,S116,01,5,4.666666666666667,4.5,4.857142857142857,10,849,0.9338235294117647,0.04428265994982875,16
87166,AnPhA-S116-01,M,Course Unavailable at Local School,Approved/Enrolled,77.3104,AnPhA,S116,01,4.6,4.333333333333333,4.5,4.428571428571429,7,281,0.862735294117647,0.1412059370800912,6
88050,AnPhA-S116-01,F,Course Unavailable at Local School,Approved/Enrolled,71.6757328,AnPhA,S116,01,4.2,4.333333333333333,4,4.142857142857143,3,64,0.7477941176470588,0.14244541053223297,6
88068,AnPhA-S116-01,F,Learning Preference of the Student,Approved/Enrolled,70.6074672,AnPhA,S116,01,4.6,4.666666666666667,4.5,4.571428571428571,11,618,0.7397058823529412,0.11983972395908733,6
88099,AnPhA-S116-01,F,Learning Preference of the Student,Approved/Enrolled,81.9629328,AnPhA,S116,01,3.8,4,3,3.857142857142857,11,219,0.9110294117647059,0.1046041252834504,10
88153,AnPhA-S116-01,F,Scheduling Conflict,Approved/Enrolled,88.7024,AnPhA,S116,01,3.2,3.3333333333333335,2.5,3.142857142857143,6,277,0.9775882352941176,0.02833764799396401,15
88641,AnPhA-S116-01,F,Scheduling Conflict,Approved/Enrolled,87.1808,AnPhA,S116,01,3.6,4,3.5,3.7142857142857144,15,599,0.8838235294117647,0.13647237501749732,11
89142,AnPhA-S116-01,F,Other,Approved/Enrolled,95.104,AnPhA,S116,01,5,4.333333333333333,3.5,4.714285714285714,13,552,0.9852941176470589,0.03302398525105347,16
89194,AnPhA-S116-01,F,Learning Preference of the Student,Approved/Enrolled,83.2053328,AnPhA,S116,01,3.6,3.3333333333333335,3.5,3.4285714285714284,7,108,0.888264705882353,0.1405034479098907,5
89918,AnPhA-S116-01,F,Learning Preference of the Student,Approved/Enrolled,75.6416,AnPhA,S116,01,4.6,4.333333333333333,3.5,4.428571428571429,7,211,0.8375294117647059,0.2322082437828718,9
90305,AnPhA-S116-01,F,Scheduling Conflict,Approved/Enrolled,73.4533328,AnPhA,S116,01,5,4.666666666666667,5,4.857142857142857,10,570,0.7782058823529413,0.19498369228246357,6
56152,AnPhA-S116-02,F,Scheduling Conflict,Approved/Enrolled,94.1248,AnPhA,S116,02,4.8,4.333333333333333,4,4.714285714285714,9,202,0.9788235294117648,0.04974200055213172,13
57188,AnPhA-S116-02,M,Learning Preference of the Student,Approved/Enrolled,80.7344,AnPhA,S116,02,4,5,3.5,4.285714285714286,6,309,0.8687647058823529,0.053207577050071106,13
65627,AnPhA-S116-02,F,Learning Preference of the Student,Approved/Enrolled,81.4872,AnPhA,S116,02,4,4,3.5,4,9,355,0.8629705882352942,0.18516603273135027,9
70192,AnPhA-S116-02,F,Scheduling Conflict,Approved/Enrolled,95.96,AnPhA,S116,02,4.8,4.333333333333333,4,4.571428571428571,9,437,0.9823529411764705,0.03266516141120825,15
76930,AnPhA-S116-02,F,Learning Preference of the Student,Approved/Enrolled,81.272,AnPhA,S116,02,4.6,4,3.5,4.285714285714286,9,388,0.8819411764705882,0.1494365352588698,9
79220,AnPhA-S116-02,F,Course Unavailable at Local School,Approved/Enrolled,91.8208,AnPhA,S116,02,4,4,3,4,7,301,0.9470588235294117,0.08543981046652198,12
86314,AnPhA-S116-02,F,Course Unavailable at Local School,Approved/Enrolled,81.5237328,AnPhA,S116,02,4.2,5,4.5,4.428571428571429,10,245,0.8845588235294117,0.15387668560130674,9
86707,AnPhA-S116-02,F,Course Unavailable at Local School,Approved/Enrolled,85.9093344,AnPhA,S116,02,4.4,4.666666666666667,3.5,4.428571428571429,11,511,0.8962058823529411,0.14876637030432746,7
90395,AnPhA-S116-02,F,Course Unavailable at Local School,Approved/Enrolled,81.1226672,AnPhA,S116,02,5,5,4.5,5,6,179,0.9169411764705883,0.12529650295670894,7
90396,AnPhA-S116-02,F,Course Unavailable at Local School,Approved/Enrolled,79.3941328,AnPhA,S116,02,4.2,3.3333333333333335,3,3.7142857142857144,9,296,0.8816176470588235,0.11968144242454097,8
90398,AnPhA-S116-02,F,Course Unavailable at Local School,Approved/Enrolled,94.9274672,AnPhA,S116,02,NA,4.333333333333333,4,NA,11,917,0.9794117647058823,0.05270052322876642,16
90399,AnPhA-S116-02,M,Course Unavailable at Local School,Approved/Enrolled,88.8896,AnPhA,S116,02,4.8,4.666666666666667,4.5,4.714285714285714,10,428,0.9469117647058823,0.07450518936711982,10
90956,AnPhA-S116-02,F,Other,Approved/Enrolled,91.912,AnPhA,S116,02,5,5,4.5,5,9,313,0.9485294117647058,0.06469181578805654,11
90971,AnPhA-S116-02,F,Other,Approved/Enrolled,79.84,AnPhA,S116,02,3,3,3,3,9,598,0.8448529411764706,0.13972047340111923,6
91065,AnPhA-S116-02,M,Other,Approved/Enrolled,60.9642672,AnPhA,S116,02,4.2,2.6666666666666665,3.5,3.4285714285714284,1,53,0.6347058823529412,0.13328281355832294,3
91175,AnPhA-S116-02,F,Learning Preference of the Student,Approved/Enrolled,82.1541328,AnPhA,S116,02,4.6,4,4.5,4.285714285714286,9,418,0.9117647058823529,0.13303420392968374,10
91319,AnPhA-S116-02,F,Other,Approved/Enrolled,84.0224,AnPhA,S116,02,4,4.333333333333333,3.5,4.142857142857143,7,259,0.9102941176470588,0.12135268403666435,10
91320,AnPhA-S116-02,M,Course Unavailable at Local School,Approved/Enrolled,29.6533328,AnPhA,S116,02,3.2,3.6666666666666665,3,3.4285714285714284,10,187,0.5294117647058824,0.26690465570704314,7
91574,AnPhA-S116-02,M,Scheduling Conflict,Approved/Enrolled,81.8309328,AnPhA,S116,02,4,3.6666666666666665,3,3.857142857142857,9,328,0.8070588235294117,0.17688302723221042,6
91619,AnPhA-S116-02,M,Course Unavailable at Local School,Approved/Enrolled,35.832,AnPhA,S116,02,4,4,4,4,3,104,0.4232352941176471,0.17343925033071578,4
91634,AnPhA-S116-02,F,Course Unavailable at Local School,Approved/Enrolled,84.9893328,AnPhA,S116,02,4,3.6666666666666665,3.5,3.857142857142857,9,519,0.9034117647058825,0.11722154742338024,11
91672,AnPhA-S116-02,F,Course Unavailable at Local School,Approved/Enrolled,92.8824,AnPhA,S116,02,3.6,4,2,4,9,397,0.9375294117647058,0.12144283032773773,10
91709,AnPhA-S116-02,F,Course Unavailable at Local School,Approved/Enrolled,87.2928,AnPhA,S116,02,4.2,3.6666666666666665,3.5,3.857142857142857,6,331,0.924264705882353,0.11229553365076039,12
91771,AnPhA-S116-02,M,Course Unavailable at Local School,Approved/Enrolled,28.48,AnPhA,S116,02,5,4,4.5,4.571428571428571,3,197,0.4823529411764706,0.14463057751982544,5
91932,AnPhA-S116-02,M,Other,Approved/Enrolled,82.6117328,AnPhA,S116,02,5,5,4.5,5,6,76,0.8807647058823529,0.08181874176712892,5
92185,AnPhA-S116-02,F,Scheduling Conflict,Approved/Enrolled,91.8528,AnPhA,S116,02,4.8,4.666666666666667,4,4.714285714285714,10,304,0.975,0.09117090820499693,16
52326,AnPhA-S216-01,F,Other,Approved/Enrolled,83.5882656,AnPhA,S216,01,3.6,4,3,4,NA,NA,0.9088235294117647,0.0949510869613666,9
58168,AnPhA-S216-01,F,Other,Approved/Enrolled,96.5216,AnPhA,S216,01,4.2,4.666666666666667,3.5,4.285714285714286,NA,NA,0.9911764705882353,0.026213250521901633,18
67013,AnPhA-S216-01,M,Course Unavailable at Local School,Approved/Enrolled,46.072,AnPhA,S216,01,4.2,4,2.5,4.142857142857143,NA,NA,0.4732352941176471,0.2179894460582219,3
69743,AnPhA-S216-01,F,Course Unavailable at Local School,Approved/Enrolled,85.4714656,AnPhA,S216,01,4.2,4.666666666666667,4,4.285714285714286,NA,NA,0.9279411764705883,0.08157222064555959,10
71725,AnPhA-S216-01,F,Course Unavailable at Local School,Approved/Enrolled,77.2789328,AnPhA,S216,01,4.8,4.333333333333333,4,4.571428571428571,NA,NA,0.7746470588235294,0.16792101317782318,7
76673,AnPhA-S216-01,F,Course Unavailable at Local School,Approved/Enrolled,92.2,AnPhA,S216,01,4,4,3.5,4,NA,NA,0.9779411764705882,0.037756166462966465,15
76674,AnPhA-S216-01,F,Course Unavailable at Local School,Approved/Enrolled,95.8608,AnPhA,S216,01,4.8,5,4,4.857142857142857,NA,NA,0.969,0.05530877958494937,15
76998,AnPhA-S216-01,F,Course Unavailable at Local School,Approved/Enrolled,40.2389328,AnPhA,S216,01,3.4,3.3333333333333335,4,3.5714285714285716,NA,NA,0.49823529411764705,0.3343494342016952,5
78164,AnPhA-S216-01,F,Learning Preference of the Student,Approved/Enrolled,76.104,AnPhA,S216,01,4.6,4,4,4.428571428571429,NA,NA,0.8188235294117646,0.1728827784659485,5
85248,AnPhA-S216-01,F,Course Unavailable at Local School,Approved/Enrolled,94.8261328,AnPhA,S216,01,4.2,4,3.5,4.142857142857143,NA,NA,0.9573529411764706,0.043999499557743856,13
86268,AnPhA-S216-01,F,Course Unavailable at Local School,Approved/Enrolled,93.5386672,AnPhA,S216,01,5,5,4,5,NA,NA,0.9794117647058823,0.03691365403423518,14
86942,AnPhA-S216-01,F,Scheduling Conflict,Approved/Enrolled,83.624,AnPhA,S216,01,5,4.666666666666667,5,4.857142857142857,NA,NA,0.8544117647058823,0.07707047050882239,12
88612,AnPhA-S216-01,F,Other,Approved/Enrolled,71.6544,AnPhA,S216,01,3.8,4,4,3.857142857142857,NA,NA,0.9537058823529412,0.07728343185933863,11
91313,AnPhA-S216-01,M,Scheduling Conflict,Approved/Enrolled,84.9536,AnPhA,S216,01,4.2,3.3333333333333335,3.5,3.857142857142857,NA,NA,0.9602941176470589,0.09686232467538898,15
91326,AnPhA-S216-01,F,Other,Approved/Enrolled,47.0544,AnPhA,S216,01,4.6,4.333333333333333,3,4.428571428571429,NA,NA,0.5400588235294118,0.22357662844503243,4
94246,AnPhA-S216-01,M,Course Unavailable at Local School,Approved/Enrolled,35.692,AnPhA,S216,01,4,4,4,4,NA,NA,0.7779705882352941,0.13178218318330767,6
94691,AnPhA-S216-01,M,Course Unavailable at Local School,Approved/Enrolled,10.6608,AnPhA,S216,01,4,4,3,4,NA,NA,0.3919411764705882,0.18407491388807573,5
94805,AnPhA-S216-01,F,Scheduling Conflict,Approved/Enrolled,87.3024,AnPhA,S216,01,5,4.333333333333333,3.5,4.714285714285714,NA,NA,0.964,0.06718294094044502,11
94846,AnPhA-S216-01,F,Course Unavailable at Local School,Approved/Enrolled,70.4149328,AnPhA,S216,01,5,5,3.5,5,NA,NA,0.7672941176470588,0.13371346547626833,7
94872,AnPhA-S216-01,F,Other,Approved/Enrolled,69.6682672,AnPhA,S216,01,5,5,5,5,NA,NA,0.6531470588235294,0.21601688668469415,4
95014,AnPhA-S216-01,F,Course Unavailable at Local School,Approved/Enrolled,95.6208,AnPhA,S216,01,5,5,5,5,NA,NA,0.9860588235294118,0.02776711444689573,13
95114,AnPhA-S216-01,F,Course Unavailable at Local School,Dropped,NA,AnPhA,S216,01,5,4.666666666666667,3,4.857142857142857,NA,NA,0.23926470588235293,0.3576401586178284,2
95283,AnPhA-S216-01,F,Other,Approved/Enrolled,91.3376,AnPhA,S216,01,5,3.6666666666666665,4,4.428571428571429,NA,NA,0.975,0.045071418310698975,15
95545,AnPhA-S216-01,F,Other,Approved/Enrolled,72.3008,AnPhA,S216,01,4.6,4.333333333333333,3,4.428571428571429,NA,NA,0.95,0.08594580262109805,11
95594,AnPhA-S216-01,M,Scheduling Conflict,Approved/Enrolled,40.4533328,AnPhA,S216,01,4.6,4.666666666666667,3.5,4.571428571428571,NA,NA,0.4426470588235294,0.17170529913362284,6
95601,AnPhA-S216-01,F,Other,Approved/Enrolled,84.4474672,AnPhA,S216,01,4.6,5,4.5,4.714285714285714,NA,NA,0.9592058823529411,0.06276817101649289,12
95618,AnPhA-S216-01,F,Course Unavailable at Local School,Approved/Enrolled,66.7525328,AnPhA,S216,01,4.4,5,3.5,4.571428571428571,NA,NA,0.7911764705882353,0.2507076971598692,8
95620,AnPhA-S216-01,F,Course Unavailable at Local School,Approved/Enrolled,72.888,AnPhA,S216,01,4.8,4.333333333333333,4,4.571428571428571,NA,NA,0.8055882352941176,0.15075147028884173,5
95634,AnPhA-S216-01,F,Course Unavailable at Local School,Approved/Enrolled,76.5749312,AnPhA,S216,01,NA,3.3333333333333335,3.5,3.7142857142857144,NA,NA,0.8838529411764705,0.10028478660015962,7
95915,AnPhA-S216-01,F,Learning Preference of the Student,Approved/Enrolled,74.1874672,AnPhA,S216,01,3.8,3,3,3.4285714285714284,NA,NA,0.8029411764705883,0.18038991312914948,10
95957,AnPhA-S216-01,M,Course Unavailable at Local School,Approved/Enrolled,67.9248,AnPhA,S216,01,5,5,5,5,NA,NA,0.7375294117647059,0.22324630011353197,5
96228,AnPhA-S216-01,M,Scheduling Conflict,Approved/Enrolled,91.064,AnPhA,S216,01,4.2,4,2.5,4.142857142857143,NA,NA,0.9279411764705883,0.0889936534839697,10
96677,AnPhA-S216-01,F,Course Unavailable at Local School,Approved/Enrolled,5.2,AnPhA,S216,01,4.2,4.333333333333333,4,4.285714285714286,NA,NA,0.19117647058823528,0.3132257257206253,4
96680,AnPhA-S216-01,F,Course Unavailable at Local School,Approved/Enrolled,52.5504,AnPhA,S216,01,3.8,3.6666666666666665,2.5,3.7142857142857144,NA,NA,0.6882352941176471,0.19043377344391013,4
96690,AnPhA-S216-01,F,Course Unavailable at Local School,Approved/Enrolled,64.8128,AnPhA,S216,01,5,5,5,5,NA,NA,0.7102352941176471,0.136516321166211,7
96720,AnPhA-S216-01,F,Learning Preference of the Student,Approved/Enrolled,7.88,AnPhA,S216,01,3.6,4.333333333333333,3,3.857142857142857,NA,NA,0.36617647058823527,0.2410618529087114,5
96853,AnPhA-S216-01,F,Course Unavailable at Local School,Approved/Enrolled,85.4277328,AnPhA,S216,01,4.8,5,5,4.857142857142857,NA,NA,0.9022941176470587,0.09905264783840952,8
96854,AnPhA-S216-01,F,Course Unavailable at Local School,Approved/Enrolled,85.1189328,AnPhA,S216,01,5,4.333333333333333,5,4.714285714285714,NA,NA,0.9250588235294117,0.11958214162863628,9
96959,AnPhA-S216-01,M,Course Unavailable at Local School,Approved/Enrolled,67.6608,AnPhA,S216,01,4.6,4.333333333333333,4,4.571428571428571,NA,NA,0.7875294117647058,0.1640335925753545,5
96994,AnPhA-S216-01,F,Course Unavailable at Local School,Approved/Enrolled,86.8074672,AnPhA,S216,01,5,5,4.5,5,NA,NA,0.9529411764705882,0.0770405080813195,12
74552,AnPhA-S216-02,F,Other,Approved/Enrolled,96.16,AnPhA,S216,02,4,4.333333333333333,3.5,4.142857142857143,NA,NA,0.9911764705882353,0.03185286431065398,16
88979,AnPhA-S216-02,F,Scheduling Conflict,Dropped,NA,AnPhA,S216,02,5,5,5,5,NA,NA,0.46176470588235297,0.17285808257143734,7
91164,AnPhA-S216-02,F,Course Unavailable at Local School,Approved/Enrolled,90.0016,AnPhA,S216,02,5,5,4.5,5,NA,NA,0.8868235294117647,0.04764584138986062,12
94219,AnPhA-S216-02,F,Learning Preference of the Student,Dropped,NA,AnPhA,S216,02,4.6,4.333333333333333,3.5,4.428571428571429,NA,NA,0.14529411764705882,0.33015257930778424,2
94542,AnPhA-S216-02,F,Other,Approved/Enrolled,33.28,AnPhA,S216,02,4.8,4.333333333333333,3.5,4.571428571428571,NA,NA,0.8911764705882353,0.07334928056269079,16
94550,AnPhA-S216-02,F,Other,Approved/Enrolled,85.3408,AnPhA,S216,02,5,5,4,5,NA,NA,0.9522352941176471,0.09486295238422594,12
94898,AnPhA-S216-02,F,Other,Approved/Enrolled,73.6608,AnPhA,S216,02,5,5,4.5,5,NA,NA,0.9279411764705883,0.09712055234987943,11
94903,AnPhA-S216-02,F,Course Unavailable at Local School,Approved/Enrolled,69.8808,AnPhA,S216,02,4.4,4.333333333333333,3.5,4.285714285714286,NA,NA,0.7227941176470588,0.17138422620805005,9
95017,AnPhA-S216-02,F,Other,Approved/Enrolled,71.52,AnPhA,S216,02,5,3.6666666666666665,4,4.428571428571429,NA,NA,0.9941176470588236,0.023195079131281975,18
95041,AnPhA-S216-02,F,Other,Approved/Enrolled,14.5408,AnPhA,S216,02,5,5,3.5,5,NA,NA,0.4669411764705882,0.19944676316718826,8
95264,AnPhA-S216-02,M,Learning Preference of the Student,Dropped,NA,AnPhA,S216,02,3.8,3.6666666666666665,2.5,3.7142857142857144,NA,NA,0.20588235294117646,0.2721655269759087,5
95377,AnPhA-S216-02,F,Learning Preference of the Student,Approved/Enrolled,76.6304,AnPhA,S216,02,5,5,5,5,NA,NA,0.7168823529411765,0.14148702439504668,8
95919,AnPhA-S216-02,M,Course Unavailable at Local School,Approved/Enrolled,86.534932800000007,AnPhA,S216,02,5,5,4,5,NA,NA,0.9,0.13876017427530235,12
96826,AnPhA-S216-02,F,Learning Preference of the Student,Approved/Enrolled,88.408,AnPhA,S216,02,4,4,3.5,4,NA,NA,0.9134117647058824,0.10039083247259145,8
96871,AnPhA-S216-02,F,Other,Approved/Enrolled,81.1482656,AnPhA,S216,02,4.6,4,4,4.285714285714286,NA,NA,0.8485294117647059,0.11032816551918154,8
66508,AnPhA-T116-01,F,Scheduling Conflict,Dropped,NA,AnPhA,T116,01,4,3.6666666666666665,3.5,3.857142857142857,NA,NA,0,NA,0
76132,AnPhA-T116-01,F,Other,Approved/Enrolled,95.3392,AnPhA,T116,01,5,5,5,5,NA,NA,0.9764705882352941,0.04140735636330496,15
79859,AnPhA-T116-01,F,Course Unavailable at Local School,Approved/Enrolled,72.992,AnPhA,T116,01,5,4.666666666666667,4.5,4.857142857142857,NA,NA,0.7654705882352941,0.12241107950126642,12
84640,AnPhA-T116-01,F,Course Unavailable at Local School,Approved/Enrolled,86.1648,AnPhA,T116,01,5,5,4,5,NA,NA,0.9014705882352941,0.11000593662440442,13
84641,AnPhA-T116-01,F,Course Unavailable at Local School,Approved/Enrolled,83.5525328,AnPhA,T116,01,4,4,3,4,NA,NA,0.9352941176470588,0.1008316651881674,12
84749,AnPhA-T116-01,F,Course Unavailable at Local School,Approved/Enrolled,82.552,AnPhA,T116,01,5,4,4,4.571428571428571,NA,NA,0.9264705882352942,0.14047474352510816,11
87865,AnPhA-T116-01,F,Scheduling Conflict,Approved/Enrolled,83.1264,AnPhA,T116,01,3.8,4.666666666666667,3.5,4.142857142857143,NA,NA,0.886235294117647,0.19395791730220896,10
88995,AnPhA-T116-01,F,Course Unavailable at Local School,Approved/Enrolled,85.7936,AnPhA,T116,01,4.2,4,4,4,NA,NA,0.9000294117647059,0.1276965182776115,10
89005,AnPhA-T116-01,M,Course Unavailable at Local School,Approved/Enrolled,87.6208,AnPhA,T116,01,5,5,3.5,5,NA,NA,0.9529411764705882,0.09557428132601681,14
90516,AnPhA-T116-01,F,Learning Preference of the Student,Approved/Enrolled,73.8816,AnPhA,T116,01,4.6,4,3.5,4.428571428571429,NA,NA,0.8625294117647059,0.20648343602032065,9
61965,BioA-S116-01,M,Learning Preference of the Student,Approved/Enrolled,77.65698925,BioA,S116,01,3.6,4,3,3.7142857142857144,6,136,0.7302857142857143,0.1969543428369459,3
68598,BioA-S116-01,F,Learning Preference of the Student,Approved/Enrolled,87.24408602,BioA,S116,01,4.2,3.3333333333333335,4,3.857142857142857,6,480,0.8707142857142857,0.18642899798352533,9
69937,BioA-S116-01,F,Learning Preference of the Student,Withdrawn,NA,BioA,S116,01,NA,3.6666666666666665,2,NA,NA,NA,0,NA,0
70408,BioA-S116-01,F,Learning Preference of the Student,Approved/Enrolled,91.50537634,BioA,S116,01,3.4,2.6666666666666665,2.5,3.142857142857143,13,871,0.9071428571428571,0.1127884804250564,12
70681,BioA-S116-01,F,Learning Preference of the Student,Approved/Enrolled,90.23655914,BioA,S116,01,4.8,4.333333333333333,3.5,4.571428571428571,12,563,0.9177142857142857,0.2319815694786335,9
71434,BioA-S116-01,M,Scheduling Conflict,Approved/Enrolled,83.96021505,BioA,S116,01,3.6,2.6666666666666665,3,3.142857142857143,6,409,0.8280857142857142,0.11650410705641116,6
77169,BioA-S116-01,M,Scheduling Conflict,Approved/Enrolled,93.8172043,BioA,S116,01,4,3.3333333333333335,3,3.7142857142857144,6,792,0.9685714285714285,0.04984548808264821,15
85292,BioA-S116-01,M,Scheduling Conflict,Approved/Enrolled,93.34946237,BioA,S116,01,2.4,3,3,2.7142857142857144,8,620,0.9393571428571428,0.06059402941721385,13
85889,BioA-S116-01,M,Learning Preference of the Student,Approved/Enrolled,7.580645161,BioA,S116,01,3.6,3.6666666666666665,4.5,3.5714285714285716,NA,NA,0.2642857142857143,0.23163252819479788,1
86067,BioA-S116-01,F,Learning Preference of the Student,Approved/Enrolled,88.78494624,BioA,S116,01,3.6,2.6666666666666665,3,3.4285714285714284,9,543,0.9330714285714286,0.0764481296734087,9
86110,BioA-S116-01,M,Learning Preference of the Student,Approved/Enrolled,75.11182796,BioA,S116,01,3.8,3,3,3.4285714285714284,6,150,0.7125714285714286,0.18157747135482433,1
86113,BioA-S116-01,F,Other,Approved/Enrolled,75.0827957,BioA,S116,01,3.8,3,4,3.4285714285714284,10,240,0.7866285714285715,0.1408971715999646,3
86130,BioA-S116-01,F,Other,Approved/Enrolled,72.84946237,BioA,S116,01,3.8,3.6666666666666665,3,3.7142857142857144,6,436,0.6271428571428571,0.2093536288853883,4
86202,BioA-S116-01,M,Credit Recovery,Approved/Enrolled,45.76666667,BioA,S116,01,3,3,3,3,5,108,0.5510714285714285,0.2367024844444914,1
86216,BioA-S116-01,M,Scheduling Conflict,Approved/Enrolled,92.94301075,BioA,S116,01,3.8,3.3333333333333335,3.5,3.5714285714285716,8,622,0.8985714285714286,0.11715286196520956,7
86580,BioA-S116-01,F,Learning Preference of the Student,Approved/Enrolled,83.16666667,BioA,S116,01,3.8,3.3333333333333335,2.5,3.5714285714285716,6,382,0.7972857142857143,0.14099172773577434,6
87081,BioA-S116-01,M,Other,Approved/Enrolled,6.693548387,BioA,S116,01,4,4,4,4,3,64,0.2667857142857143,0.2379939632435307,0
87552,BioA-S116-01,F,Scheduling Conflict,Approved/Enrolled,90.08064516,BioA,S116,01,4,4.666666666666667,NA,4.285714285714286,6,360,0.9382142857142857,0.07143657911989475,10
88568,BioA-S116-01,M,Other,Approved/Enrolled,36.57419355,BioA,S116,01,3,3,3.5,3,3,28,0.4471428571428571,0.34199279281577927,2
89300,BioA-S116-01,M,Scheduling Conflict,Approved/Enrolled,61.3172043,BioA,S116,01,3.4,3.6666666666666665,3,3.4285714285714284,1,1,0.5589285714285714,0.3015748828929381,3
90253,BioA-S116-01,F,Other,Approved/Enrolled,64.23548387,BioA,S116,01,NA,3.3333333333333335,3.5,NA,4,134,0.7882142857142858,0.18842209615150357,2
90430,BioA-S116-01,F,Credit Recovery,Approved/Enrolled,78.86666667,BioA,S116,01,4,3.3333333333333335,3,3.7142857142857144,5,363,0.7455714285714286,0.1991171279347957,4
90466,BioA-S116-01,F,Course Unavailable at Local School,Approved/Enrolled,82.33333333,BioA,S116,01,5,5,5,5,5,131,0.8205714285714285,0.2336568291112363,7
91066,BioA-S116-01,F,Other,Approved/Enrolled,36.34408602,BioA,S116,01,3.8,3.6666666666666665,4,3.7142857142857144,3,84,0.3028571428571429,0.2959957950734925,1
91067,BioA-S116-01,F,Other,Approved/Enrolled,99.75806452,BioA,S116,01,4.2,3.3333333333333335,4,3.857142857142857,6,473,0.9964285714285714,0.027916114741699832,18
91300,BioA-S116-01,F,Scheduling Conflict,Approved/Enrolled,96.26344086,BioA,S116,01,4.2,3.6666666666666665,3.5,3.857142857142857,9,680,0.9521428571428572,0.03686040174873323,13
91351,BioA-S116-01,F,Other,Approved/Enrolled,6.747311828,BioA,S116,01,3.8,4,4,3.857142857142857,3,73,0.2689285714285714,0.24383003397802552,0
91611,BioA-S116-01,F,Course Unavailable at Local School,Approved/Enrolled,92.90322581,BioA,S116,01,4,3,3,3.5714285714285716,6,418,0.9292857142857143,0.14496928547257001,11
91624,BioA-S116-01,M,Course Unavailable at Local School,Approved/Enrolled,78.54946237,BioA,S116,01,5,3.6666666666666665,4,4.428571428571429,8,313,0.8592857142857143,0.12189072862000266,9
92152,BioA-S116-01,F,Other,Approved/Enrolled,93.48064516,BioA,S116,01,3.4,4,2.5,3.5714285714285716,9,434,0.9032,0.08289660077990314,8
92510,BioA-S116-01,M,Other,Approved/Enrolled,91.90860215,BioA,S116,01,5,5,5,5,9,594,0.9732142857142857,0.09204289750339342,14
92606,BioA-S116-01,M,Learning Preference of the Student,Approved/Enrolled,5.698924731,BioA,S116,01,3.2,3,2.5,3.142857142857143,1,35,0.22714285714285715,0.3033572012059452,2
92633,BioA-S116-01,M,Learning Preference of the Student,Approved/Enrolled,3.010752688,BioA,S116,01,4,4,4,4,NA,NA,0.12,0.4596231538186156,2
95658,BioA-S216-01,F,Scheduling Conflict,Approved/Enrolled,82.29946524,BioA,S216,01,3.6,3.3333333333333335,3,3.5714285714285716,NA,NA,0.8435714285714285,0.14888808224355973,7
95707,BioA-S216-01,F,Course Unavailable at Local School,Approved/Enrolled,88.57754011,BioA,S216,01,3.2,2.6666666666666665,2,3,NA,NA,0.9305714285714285,0.06509411159402469,13
96950,BioA-S216-01,F,Credit Recovery,Approved/Enrolled,91.81818182,BioA,S216,01,4,4,3.5,4.285714285714286,NA,NA,0.8971428571428571,0.22381015130053197,11
97374,BioA-S216-01,F,Credit Recovery,Approved/Enrolled,12.35294118,BioA,S216,01,2.4,2.6666666666666665,2.5,2.2857142857142856,NA,NA,0.355,0.33801265180065265,2
97386,BioA-S216-01,M,Other,Approved/Enrolled,54.15828877,BioA,S216,01,3.8,3.3333333333333335,4,3.5714285714285716,NA,NA,0.6659142857142857,0.16480196579132142,4
84794,BioA-T116-01,M,Course Unavailable at Local School,Approved/Enrolled,73.81827957,BioA,T116,01,2.8,3.3333333333333335,4,3.142857142857143,NA,NA,0.6828571428571428,0.3061854509662669,7
87689,BioA-T116-01,M,Other,Approved/Enrolled,82.70215054,BioA,T116,01,2.8,3.6666666666666665,3,3.142857142857143,NA,NA,0.7977,0.2981138981687137,7
53447,FrScA-S116-01,F,Course Unavailable at Local School,Approved/Enrolled,96.11872146,FrScA,S116,01,3.8,2,3,3,9,708,1.0060240963855422,0.1358798949979785,17
55283,FrScA-S116-01,F,Other,Withdrawn,NA,FrScA,S116,01,5,3.6666666666666665,4,4.428571428571429,1,183,0.1927710843373494,0.3378857082676455,4
61941,FrScA-S116-01,F,Course Unavailable at Local School,Approved/Enrolled,94.29223744,FrScA,S116,01,4.6,4.333333333333333,4,4.571428571428571,9,863,0.9939759036144579,0.22968332703889563,16
68188,FrScA-S116-01,M,Course Unavailable at Local School,Approved/Enrolled,92.46575342,FrScA,S116,01,5,2.6666666666666665,5,4,9,281,0.9819277108433735,0.23331859577006717,16
69072,FrScA-S116-01,F,Course Unavailable at Local School,Approved/Enrolled,93.60730594,FrScA,S116,01,4,2.6666666666666665,3.5,3.4285714285714284,9,557,0.9939759036144579,0.21275139927797618,15
70037,FrScA-S116-01,F,Course Unavailable at Local School,Approved/Enrolled,93.37899543,FrScA,S116,01,5,4.666666666666667,4,4.857142857142857,10,827,0.9518072289156626,0.11990642610139025,16
76840,FrScA-S116-01,F,Course Unavailable at Local School,Approved/Enrolled,92.46575342,FrScA,S116,01,5,4.333333333333333,3.5,4.714285714285714,10,685,0.95783132530120485,0.19676867344308124,15
77246,FrScA-S116-01,F,Course Unavailable at Local School,Approved/Enrolled,88.35616438,FrScA,S116,01,4.6,4,4,4.285714285714286,8,265,0.9006024096385542,0.12127961124100664,14
85323,FrScA-S116-01,F,Course Unavailable at Local School,Approved/Enrolled,15.06849315,FrScA,S116,01,5,4.333333333333333,4,4.714285714285714,12,946,0.5090361445783133,0.16846280159896626,10
85416,FrScA-S116-01,F,Course Unavailable at Local School,Approved/Enrolled,94.74885845,FrScA,S116,01,4.8,3.3333333333333335,4,4.142857142857143,9,560,0.9759036144578314,0.19339801626703876,17
85431,FrScA-S116-01,F,Course Unavailable at Local School,Approved/Enrolled,92.92237443,FrScA,S116,01,4,3.3333333333333335,2.5,3.7142857142857144,8,78,0.9126506024096386,0.28759612478747804,12
85432,FrScA-S116-01,M,Course Unavailable at Local School,Approved/Enrolled,49.08675799,FrScA,S116,01,4.6,3,4,3.857142857142857,9,731,0.8765060240963856,0.1994676050302364,12
85433,FrScA-S116-01,M,Course Unavailable at Local School,Approved/Enrolled,72.14611872,FrScA,S116,01,4.4,3.3333333333333335,4,3.857142857142857,8,41,0.8524096385542169,0.1768699220559621,13
85443,FrScA-S116-01,F,Learning Preference of the Student,Approved/Enrolled,86.30136986,FrScA,S116,01,4.8,3.3333333333333335,3.5,4.142857142857143,10,461,0.9096385542168675,0.2692360497469669,16
85539,FrScA-S116-01,F,Course Unavailable at Local School,Approved/Enrolled,90.1826484,FrScA,S116,01,3.8,4,3.5,3.857142857142857,9,229,0.9337349397590361,0.09210146531988994,16
85649,FrScA-S116-01,F,Course Unavailable at Local School,Approved/Enrolled,86.98630137,FrScA,S116,01,4,3,3,3.5714285714285716,9,238,0.9186746987951807,0.2490492170958975,13
85650,FrScA-S116-01,M,Course Unavailable at Local School,Approved/Enrolled,100,FrScA,S116,01,4.2,3,3.5,3.5714285714285716,9,713,1.0301204819277108,0.22332891793359866,18
85651,FrScA-S116-01,M,Course Unavailable at Local School,Approved/Enrolled,64.98858447,FrScA,S116,01,3.2,3,3,3.142857142857143,9,385,0.8409638554216867,0.0853264798431728,13
85662,FrScA-S116-01,F,Course Unavailable at Local School,Dropped,NA,FrScA,S116,01,3.8,3.6666666666666665,4.5,3.7142857142857144,3,181,0.1355421686746988,0.4207832206797498,3
85663,FrScA-S116-01,F,Course Unavailable at Local School,Approved/Enrolled,49.31506849,FrScA,S116,01,4.6,2.6666666666666665,4,3.7142857142857144,9,616,0.9036144578313253,0.20748897997502255,16
85665,FrScA-S116-01,F,Course Unavailable at Local School,Approved/Enrolled,96.80365297,FrScA,S116,01,5,4.333333333333333,4.5,4.714285714285714,9,333,1.0060240963855422,0.2271368869504331,16
85668,FrScA-S116-01,F,Course Unavailable at Local School,Approved/Enrolled,42.69406393,FrScA,S116,01,3.6,2.6666666666666665,3,3.2857142857142856,9,527,0.9668674698795181,0.1950829201783582,15
85791,FrScA-S116-01,F,Course Unavailable at Local School,Approved/Enrolled,96.80365297,FrScA,S116,01,4.4,4,3.5,4.285714285714286,15,845,1.0180722891566265,0.224831659187818,17
85929,FrScA-S116-01,M,Learning Preference of the Student,Approved/Enrolled,85.61643836,FrScA,S116,01,4,4,3.5,4,9,174,0.9036144578313253,0.11833748095382224,15
85930,FrScA-S116-01,F,Learning Preference of the Student,Approved/Enrolled,83.78995434,FrScA,S116,01,4.2,2,3,3.142857142857143,8,236,0.9126506024096386,0.34118876657371094,13
86105,FrScA-S116-01,M,Learning Preference of the Student,Approved/Enrolled,89.9543379,FrScA,S116,01,3.2,3,4,3.2857142857142856,9,254,0.9939759036144579,0.13961114864121507,17
86271,FrScA-S116-01,F,Course Unavailable at Local School,Approved/Enrolled,97.26027397,FrScA,S116,01,4.2,4,3.5,4.142857142857143,9,520,1.0060240963855422,0.1837647091082541,16
86280,FrScA-S116-01,F,Course Unavailable at Local School,Approved/Enrolled,85.61643836,FrScA,S116,01,5,5,4,5,11,795,0.9036144578313253,0.1408124347599636,15
86339,FrScA-S116-01,F,Scheduling Conflict,Approved/Enrolled,91.78082192,FrScA,S116,01,4.2,3.6666666666666665,3.5,3.857142857142857,10,521,0.9698795180722891,0.15200901310266715,17
86340,FrScA-S116-01,F,Scheduling Conflict,Approved/Enrolled,95.43378995,FrScA,S116,01,4.4,3.3333333333333335,4,3.857142857142857,9,468,0.9939759036144579,0.23349116829405167,15
86364,FrScA-S116-01,F,Other,Approved/Enrolled,81.27853881,FrScA,S116,01,4.8,3.6666666666666665,4,4.285714285714286,9,443,0.858433734939759,0.3480687472991531,14
86365,FrScA-S116-01,F,Other,Approved/Enrolled,98.17351598,FrScA,S116,01,4.4,4,4,4.142857142857143,9,393,1.0060240963855422,0.2271368869504331,16
86455,FrScA-S116-01,F,Other,Approved/Enrolled,91.09589041,FrScA,S116,01,5,2.6666666666666665,3,4,9,290,0.9096385542168675,0.32532620166007775,17
86476,FrScA-S116-01,F,Course Unavailable at Local School,Approved/Enrolled,95.43378995,FrScA,S116,01,4,2.6666666666666665,4,3.4285714285714284,11,780,0.9819277108433735,0.23403336629923815,16
86679,FrScA-S116-01,F,Other,Approved/Enrolled,95.89041096,FrScA,S116,01,NA,3,4,NA,9,635,0.9819277108433735,0.23403336629923815,16
86709,FrScA-S116-01,M,Scheduling Conflict,Approved/Enrolled,95.66210046,FrScA,S116,01,4.4,3,3.5,3.7142857142857144,21,325,0.9879518072289156,0.14148969591249125,15
86792,FrScA-S116-01,F,Course Unavailable at Local School,Approved/Enrolled,99.08675799,FrScA,S116,01,4.6,4,4,4.285714285714286,10,851,0.9819277108433735,0.23809884082487304,16
86793,FrScA-S116-01,F,Course Unavailable at Local School,Approved/Enrolled,96.34703196,FrScA,S116,01,4.8,4,4.5,4.428571428571429,10,644,1.0060240963855422,0.22747003202013125,17
86803,FrScA-S116-01,F,Course Unavailable at Local School,Approved/Enrolled,87.55707763,FrScA,S116,01,4.8,4.333333333333333,4.5,4.571428571428571,9,466,0.9789156626506024,0.21126719544987238,15
86815,FrScA-S116-01,F,Course Unavailable at Local School,Approved/Enrolled,83.33333333,FrScA,S116,01,4.8,3.3333333333333335,3.5,4.142857142857143,16,781,0.9036144578313253,0.20552983004786318,15
87010,FrScA-S116-01,F,Course Unavailable at Local School,Approved/Enrolled,88.01369863,FrScA,S116,01,3.8,3.6666666666666665,3,3.857142857142857,28,694,0.9066265060240963,0.3348811851437242,11
87027,FrScA-S116-01,F,Course Unavailable at Local School,Approved/Enrolled,78.76712329,FrScA,S116,01,5,3.6666666666666665,4,4.428571428571429,7,341,0.7831325301204819,0.31146420498270333,8
87093,FrScA-S116-01,M,Course Unavailable at Local School,Approved/Enrolled,60.2739726,FrScA,S116,01,4.4,4.666666666666667,4,4.571428571428571,7,410,0.7590361445783133,0.29192906078465747,11
87163,FrScA-S116-01,F,Scheduling Conflict,Approved/Enrolled,88.58447489,FrScA,S116,01,4.6,4.333333333333333,4.5,4.428571428571429,10,731,0.8072289156626506,0.28802791119499155,11
87484,FrScA-S116-01,F,Course Unavailable at Local School,Approved/Enrolled,92.69406393,FrScA,S116,01,4,3.3333333333333335,4,3.5714285714285716,10,376,0.9759036144578314,0.25766342461956254,15
87485,FrScA-S116-01,M,Course Unavailable at Local School,Approved/Enrolled,65.98173516,FrScA,S116,01,3.4,2.6666666666666665,2.5,3.142857142857143,6,283,0.8042168674698795,0.35185994639880736,9
87489,FrScA-S116-01,M,Course Unavailable at Local School,Approved/Enrolled,71.00456621,FrScA,S116,01,3.4,2.6666666666666665,3,3,5,428,0.9457831325301205,0.3025489160259094,10
87504,FrScA-S116-01,F,Learning Preference of the Student,Approved/Enrolled,55.02283105,FrScA,S116,01,4.8,3.3333333333333335,3,4.142857142857143,7,173,0.8825301204819277,0.2894279886820054,11
87579,FrScA-S116-01,M,Scheduling Conflict,Approved/Enrolled,96.11872146,FrScA,S116,01,3.8,3.3333333333333335,3,3.5714285714285716,10,444,0.9879518072289156,0.05628586695143602,16
87805,FrScA-S116-01,F,Course Unavailable at Local School,Approved/Enrolled,96.80365297,FrScA,S116,01,4.6,3.3333333333333335,4.5,4,9,271,1.0060240963855422,0.22747003202013125,17
87905,FrScA-S116-01,F,Course Unavailable at Local School,Approved/Enrolled,93.37899543,FrScA,S116,01,4.4,2.6666666666666665,4,3.7142857142857144,9,598,1,0.18286419159346676,17
87906,FrScA-S116-01,F,Learning Preference of the Student,Approved/Enrolled,81.73515982,FrScA,S116,01,5,4.333333333333333,3.5,4.714285714285714,9,183,0.927710843373494,0.1530849963638104,15
87914,FrScA-S116-01,F,Course Unavailable at Local School,Approved/Enrolled,86.07305936,FrScA,S116,01,4.6,4.333333333333333,3.5,4.428571428571429,10,312,1,0.18336278772603726,18
87927,FrScA-S116-01,F,Course Unavailable at Local School,Approved/Enrolled,69.6347032,FrScA,S116,01,4.4,3.3333333333333335,3.5,3.857142857142857,9,311,0.9457831325301205,0.24811291000612573,16
88261,FrScA-S116-01,F,Course Unavailable at Local School,Approved/Enrolled,98.63013699,FrScA,S116,01,3.6,2.3333333333333335,2.5,3,10,646,1.0060240963855422,0.2271368869504331,16
88493,FrScA-S116-01,F,Course Unavailable at Local School,Dropped,NA,FrScA,S116,01,4,2.3333333333333335,3.5,3.2857142857142856,3,86,0.1355421686746988,0.4207832206797498,3
88501,FrScA-S116-01,M,Course Unavailable at Local School,Approved/Enrolled,78.31050228,FrScA,S116,01,4.6,3.3333333333333335,3.5,4,10,402,0.9548192771084337,0.2487484785589493,15
88527,FrScA-S116-01,F,Course Unavailable at Local School,Approved/Enrolled,92.69406393,FrScA,S116,01,4.2,2,3.5,3.142857142857143,9,624,1.0060240963855422,0.23027181202089328,17
89128,FrScA-S116-01,F,Other,Approved/Enrolled,87.67123288,FrScA,S116,01,4.6,4.666666666666667,4,4.714285714285714,10,551,0.927710843373494,0.21333624237185952,16
90095,FrScA-S116-01,F,Other,Approved/Enrolled,73.51598174,FrScA,S116,01,4.4,4.333333333333333,3.5,4.285714285714286,11,507,0.9186746987951807,0.24588415349531856,14
90433,FrScA-S116-01,M,Course Unavailable at Local School,Approved/Enrolled,91.09589041,FrScA,S116,01,5,4.666666666666667,4.5,4.857142857142857,4,553,0.858433734939759,0.1607358515610446,12
91173,FrScA-S116-01,F,Course Unavailable at Local School,Approved/Enrolled,64.38356164,FrScA,S116,01,4.8,3.3333333333333335,3.5,4.142857142857143,11,211,0.9427710843373494,0.24863933333428276,15
91471,FrScA-S116-01,M,Other,Approved/Enrolled,65.98173516,FrScA,S116,01,4.8,4.333333333333333,4.5,4.571428571428571,9,415,0.8945783132530121,0.1994924430096522,13
92143,FrScA-S116-01,F,Other,Approved/Enrolled,93.37899543,FrScA,S116,01,3.8,3,3.5,3.4285714285714284,7,702,0.963855421686747,0.24507501208145224,14
92214,FrScA-S116-01,M,Course Unavailable at Local School,Approved/Enrolled,84.64611872,FrScA,S116,01,3.4,4,4,3.7142857142857144,9,628,0.9397590361445783,0.24960871635060242,15
61357,FrScA-S116-02,F,Course Unavailable at Local School,Dropped,NA,FrScA,S116,02,5,4.666666666666667,4.5,4.857142857142857,NA,NA,0,NA,0
62157,FrScA-S116-02,F,Course Unavailable at Local School,Approved/Enrolled,70.62100457,FrScA,S116,02,5,4,5,4.571428571428571,10,573,0.8612650602409638,0.1458650471373094,9
67762,FrScA-S116-02,F,Course Unavailable at Local School,Approved/Enrolled,83.41324201,FrScA,S116,02,5,4.666666666666667,3.5,4.857142857142857,12,966,0.8954216867469881,0.09594689129620626,9
68768,FrScA-S116-02,F,Course Unavailable at Local School,Approved/Enrolled,64.76027397,FrScA,S116,02,4.6,2.6666666666666665,4,3.7142857142857144,10,461,0.6569277108433734,0.28557624995750364,6
77298,FrScA-S116-02,F,Course Unavailable at Local School,Approved/Enrolled,75.46118721,FrScA,S116,02,4.6,2.6666666666666665,4,3.7142857142857144,9,472,0.8575301204819277,0.14138142413127275,7
85567,FrScA-S116-02,F,Course Unavailable at Local School,Approved/Enrolled,65.17808219,FrScA,S116,02,4.6,3.3333333333333335,4,4,14,575,0.7869277108433734,0.25547053466704633,6
85661,FrScA-S116-02,F,Course Unavailable at Local School,Approved/Enrolled,87.19863014,FrScA,S116,02,4.4,3,3,3.857142857142857,9,161,0.9066265060240963,0.0901043299695947,13
85698,FrScA-S116-02,M,Course Unavailable at Local School,Approved/Enrolled,32.5913242,FrScA,S116,02,5,4.333333333333333,4,4.714285714285714,6,355,0.7213855421686747,0.23800742821634518,6
86627,FrScA-S116-02,M,Course Unavailable at Local School,Approved/Enrolled,61.2283105,FrScA,S116,02,4.2,4.666666666666667,4,4.428571428571429,8,709,0.7129518072289156,0.24875889055668338,5
91340,FrScA-S116-02,F,Learning Preference of the Student,Approved/Enrolled,85.38356164,FrScA,S116,02,5,4,3,4.571428571428571,9,662,0.8971686746987952,0.10029075346678017,11
57224,FrScA-S116-03,F,Course Unavailable at Local School,Approved/Enrolled,87.09360731,FrScA,S116,03,4.4,3,3.5,3.857142857142857,9,409,0.9187650602409639,0.22351033815253354,7
70068,FrScA-S116-03,F,Course Unavailable at Local School,Approved/Enrolled,95.37671233,FrScA,S116,03,4.8,2.3333333333333335,3,3.7142857142857144,7,328,0.9917168674698795,0.2533372846753109,13
73132,FrScA-S116-03,F,Other,Approved/Enrolled,87.52968037,FrScA,S116,03,4.6,4.333333333333333,4.5,4.428571428571429,7,707,0.9503012048192772,0.2937148606630735,11
77976,FrScA-S116-03,F,Course Unavailable at Local School,Approved/Enrolled,90.59589041,FrScA,S116,03,3.4,2.6666666666666665,3,3.2857142857142856,11,746,0.9118975903614458,0.1739564779658707,8
78691,FrScA-S116-03,F,Learning Preference of the Student,Approved/Enrolled,92.92237443,FrScA,S116,03,4,2,3,3.142857142857143,9,583,0.990210843373494,0.2381268422400801,12
85574,FrScA-S116-03,F,Course Unavailable at Local School,Approved/Enrolled,96.60502283,FrScA,S116,03,5,4,4.5,4.571428571428571,9,1096,0.9962349397590361,0.23638462013753808,12
85700,FrScA-S116-03,M,Course Unavailable at Local School,Approved/Enrolled,89.84246575,FrScA,S116,03,3.8,3.6666666666666665,3.5,3.7142857142857144,11,674,0.9318975903614457,0.2536451715340107,12
85701,FrScA-S116-03,F,Course Unavailable at Local School,Approved/Enrolled,91.4109589,FrScA,S116,03,4,4,3.5,4,12,679,0.9620180722891566,0.19425644996735764,11
85702,FrScA-S116-03,F,Course Unavailable at Local School,Approved/Enrolled,86.52054795,FrScA,S116,03,5,4.333333333333333,3.5,4.714285714285714,7,685,0.9322289156626506,0.27560778098546906,10
85704,FrScA-S116-03,F,Course Unavailable at Local School,Approved/Enrolled,68.26484018,FrScA,S116,03,5,3.6666666666666665,3.5,4.428571428571429,8,1040,0.8554216867469879,0.3346338927348777,10
85891,FrScA-S116-03,M,Course Unavailable at Local School,Approved/Enrolled,85.87442922,FrScA,S116,03,5,4.333333333333333,4,4.714285714285714,7,401,0.9375301204819276,0.2523333865276222,10
86309,FrScA-S116-03,F,Course Unavailable at Local School,Approved/Enrolled,68.65525114,FrScA,S116,03,4.8,3.3333333333333335,4.5,4.142857142857143,10,662,0.7626204819277108,0.14247131471633007,4
86618,FrScA-S116-03,F,Course Unavailable at Local School,Approved/Enrolled,49.13013699,FrScA,S116,03,5,5,4.5,5,3,222,0.6460240963855421,0.25863244987440837,4
86882,FrScA-S116-03,F,Course Unavailable at Local School,Approved/Enrolled,80.3652968,FrScA,S116,03,5,3.6666666666666665,4.5,4.428571428571429,9,1101,0.8403614457831325,0.27692136980921117,10
88636,FrScA-S116-03,M,Course Unavailable at Local School,Approved/Enrolled,65.56392694,FrScA,S116,03,5,4.333333333333333,5,4.714285714285714,7,313,0.8732831325301205,0.3270224524193775,7
88835,FrScA-S116-03,F,Course Unavailable at Local School,Approved/Enrolled,81.97945205,FrScA,S116,03,4.2,2.6666666666666665,3.5,4,9,320,0.9012349397590361,0.27036565316707617,9
88836,FrScA-S116-03,F,Learning Preference of the Student,Approved/Enrolled,67.91780822,FrScA,S116,03,4.8,3.3333333333333335,3,4.142857142857143,5,64,0.7224698795180723,0.21774432320465262,4
88868,FrScA-S116-03,M,Course Unavailable at Local School,Approved/Enrolled,76.30821918,FrScA,S116,03,4.4,3.6666666666666665,3.5,4.142857142857143,7,633,0.8057228915662651,0.3228523117950667,5
88874,FrScA-S116-03,F,Course Unavailable at Local School,Approved/Enrolled,11.15296804,FrScA,S116,03,3.4,3.3333333333333335,2.5,3.2857142857142856,7,382,0.3781626506024096,0.3334135748284327,4
88886,FrScA-S116-03,F,Course Unavailable at Local School,Approved/Enrolled,75.28310502,FrScA,S116,03,4,3,4,3.5714285714285716,9,276,0.8846084337349398,0.18608545991182268,6
89144,FrScA-S116-03,F,Course Unavailable at Local School,Approved/Enrolled,90.65068493,FrScA,S116,03,5,4.333333333333333,4.5,4.714285714285714,10,1029,0.9905120481927712,0.2380262748157516,12
89165,FrScA-S116-03,F,Course Unavailable at Local School,Approved/Enrolled,92.46575342,FrScA,S116,03,5,4,3,4.571428571428571,10,1598,0.9849397590361446,0.23532741948379549,15
89168,FrScA-S116-03,F,Course Unavailable at Local School,Dropped,NA,FrScA,S116,03,4.2,3.6666666666666665,3.5,3.857142857142857,NA,NA,0.045180722891566265,0.5303650752944922,1
89376,FrScA-S116-03,F,Other,Approved/Enrolled,86.29452055,FrScA,S116,03,5,4.666666666666667,4,4.857142857142857,11,1100,1.001987951807229,0.23735421207987753,12
90097,FrScA-S116-03,F,Course Unavailable at Local School,Approved/Enrolled,76.97031963,FrScA,S116,03,4.6,3.3333333333333335,3,4,7,381,0.8039156626506023,0.2730315742066367,4
90098,FrScA-S116-03,F,Course Unavailable at Local School,Approved/Enrolled,86.60045662,FrScA,S116,03,5,4.666666666666667,4.5,4.857142857142857,7,1501,0.9062951807228915,0.2787062183117844,4
90274,FrScA-S116-03,F,Course Unavailable at Local School,Approved/Enrolled,94.30365297,FrScA,S116,03,5,5,4.5,5,9,1953,0.9965361445783133,0.2396710817842007,13
90370,FrScA-S116-03,F,Other,Approved/Enrolled,63.85159817,FrScA,S116,03,4.4,3.6666666666666665,3,4,3,401,0.7846686746987952,0.22047742092903633,5
90372,FrScA-S116-03,F,Course Unavailable at Local School,Approved/Enrolled,62.73287671,FrScA,S116,03,5,4,3.5,4.571428571428571,11,620,0.7264457831325302,0.326364064753314,5
90855,FrScA-S116-03,F,Course Unavailable at Local School,Approved/Enrolled,67.956621,FrScA,S116,03,4.6,4,4,4.285714285714286,7,906,0.7447289156626506,0.30298549759499976,9
90878,FrScA-S116-03,M,Scheduling Conflict,Approved/Enrolled,88.52054795,FrScA,S116,03,4.6,2.6666666666666665,3.5,3.857142857142857,9,692,0.9614759036144578,0.26412166410313576,8
92604,FrScA-S116-03,F,Course Unavailable at Local School,Approved/Enrolled,7.2031963470000004,FrScA,S116,03,3.2,3,2.5,3.2857142857142856,3,22,0.26174698795180723,0.3169693670182549,3
88075,FrScA-S116-04,F,Learning Preference of the Student,Approved/Enrolled,83.17123288,FrScA,S116,04,4.6,3.6666666666666665,3.5,4.142857142857143,12,677,0.8539156626506024,0.12248136760295969,3
91176,FrScA-S116-04,F,Course Unavailable at Local School,Approved/Enrolled,96.1803653,FrScA,S116,04,5,5,4.5,5,12,1223,0.9753313253012048,0.04547637529640954,13
47448,FrScA-S216-01,F,Other,Approved/Enrolled,88.48758465,FrScA,S216,01,4.2,3,3,3.7142857142857144,NA,NA,0.9397590361445783,0.06729831837611482,17
53475,FrScA-S216-01,F,Course Unavailable at Local School,Approved/Enrolled,81.03837472,FrScA,S216,01,4.8,3.3333333333333335,4,4.142857142857143,NA,NA,0.8795180722891566,0.07311551426945266,16
55078,FrScA-S216-01,M,Learning Preference of the Student,Approved/Enrolled,97.74266366,FrScA,S216,01,4.4,3.6666666666666665,3,4.142857142857143,NA,NA,0.9879518072289156,0.016106804422878995,18
65116,FrScA-S216-01,F,Course Unavailable at Local School,Approved/Enrolled,93.22799097,FrScA,S216,01,4.8,3.6666666666666665,3.5,4.428571428571429,NA,NA,0.9759036144578314,0.02703087467447469,17
66689,FrScA-S216-01,F,Course Unavailable at Local School,Approved/Enrolled,98.64559819,FrScA,S216,01,4.4,3.3333333333333335,3.5,3.857142857142857,NA,NA,1,0,20
67463,FrScA-S216-01,F,Course Unavailable at Local School,Approved/Enrolled,91.4221219,FrScA,S216,01,3.2,4,3,3.4285714285714284,NA,NA,0.9156626506024096,0.09826300825070862,17
68795,FrScA-S216-01,F,Course Unavailable at Local School,Approved/Enrolled,83.06997743,FrScA,S216,01,5,3.6666666666666665,4.5,4.428571428571429,NA,NA,0.9879518072289156,0.016106804422878995,18
69182,FrScA-S216-01,F,Course Unavailable at Local School,Approved/Enrolled,91.19638826,FrScA,S216,01,3.8,3.3333333333333335,3,3.5714285714285716,NA,NA,0.9879518072289156,0.016106804422878995,18
69397,FrScA-S216-01,F,Course Unavailable at Local School,Approved/Enrolled,94.69525959,FrScA,S216,01,4.4,3.6666666666666665,4,4,NA,NA,0.9668674698795181,0.07017588571677802,16
71110,FrScA-S216-01,F,Course Unavailable at Local School,Approved/Enrolled,88.71331828,FrScA,S216,01,5,4.666666666666667,4.5,4.857142857142857,NA,NA,0.9397590361445783,0.06635848018683155,16
71415,FrScA-S216-01,M,Course Unavailable at Local School,Approved/Enrolled,14.4469526,FrScA,S216,01,4.8,3.6666666666666665,4.5,4.428571428571429,NA,NA,0.45180722891566266,0.2218847485979708,4
77190,FrScA-S216-01,F,Other,Approved/Enrolled,92.43792325,FrScA,S216,01,5,3.3333333333333335,4.5,4.285714285714286,NA,NA,0.9337349397590361,0.06858806090341985,16
85123,FrScA-S216-01,F,Course Unavailable at Local School,Approved/Enrolled,81.71557562,FrScA,S216,01,4,4.333333333333333,4,4.142857142857143,NA,NA,0.9156626506024096,0.09352517302882535,16
85258,FrScA-S216-01,F,Course Unavailable at Local School,Approved/Enrolled,89.05191874,FrScA,S216,01,4,3.6666666666666665,3,3.857142857142857,NA,NA,0.9397590361445783,0.036331774017231803,15
85287,FrScA-S216-01,F,Course Unavailable at Local School,Approved/Enrolled,93.67945824,FrScA,S216,01,4.6,3.6666666666666665,4,4.285714285714286,NA,NA,0.9879518072289156,0.022411000803312427,18
85642,FrScA-S216-01,F,Course Unavailable at Local School,Approved/Enrolled,83.74717833,FrScA,S216,01,3.2,3.3333333333333335,2.5,3.2857142857142856,NA,NA,0.9518072289156626,0.06404883658491131,17
85644,FrScA-S216-01,M,Course Unavailable at Local School,Approved/Enrolled,84.98871332,FrScA,S216,01,5,3.3333333333333335,4,4.285714285714286,NA,NA,0.9487951807228916,0.06696321055940606,17
85659,FrScA-S216-01,M,Course Unavailable at Local School,Approved/Enrolled,67.72009029,FrScA,S216,01,3.8,3.3333333333333335,2.5,3.5714285714285716,NA,NA,0.79216867469879515,0.2402668791894851,12
85796,FrScA-S216-01,F,Course Unavailable at Local School,Approved/Enrolled,91.19638826,FrScA,S216,01,4,3,2.5,3.5714285714285716,NA,NA,0.9457831325301205,0.02989338995162996,16
86229,FrScA-S216-01,F,Course Unavailable at Local School,Approved/Enrolled,84.65011287,FrScA,S216,01,5,3.3333333333333335,4.5,4.285714285714286,NA,NA,0.927710843373494,0.08266143039319483,17
86251,FrScA-S216-01,F,Other,Approved/Enrolled,72.91196388,FrScA,S216,01,4.4,2.6666666666666665,3,3.5714285714285716,NA,NA,0.8433734939759037,0.1705717803760442,14
86349,FrScA-S216-01,F,Scheduling Conflict,Approved/Enrolled,87.81038375,FrScA,S216,01,5,5,4.5,5,NA,NA,0.9518072289156626,0.05668494952212973,16
86490,FrScA-S216-01,F,Course Unavailable at Local School,Approved/Enrolled,93.67945824,FrScA,S216,01,4.4,4.333333333333333,3.5,4.285714285714286,NA,NA,0.95783132530120485,0.07302396116900646,16
86515,FrScA-S216-01,M,Course Unavailable at Local School,Approved/Enrolled,87.13318284,FrScA,S216,01,5,4,4,4.571428571428571,NA,NA,0.8975903614457831,0.048883132244559244,15
86836,FrScA-S216-01,F,Course Unavailable at Local School,Approved/Enrolled,89.84198646,FrScA,S216,01,4,3,3,3.5714285714285716,NA,NA,0.9457831325301205,0.06615837774883003,16
87020,FrScA-S216-01,F,Course Unavailable at Local School,Approved/Enrolled,73.25056433,FrScA,S216,01,4,3.3333333333333335,4,3.5714285714285716,NA,NA,0.8795180722891566,0.16755638451342403,13
87861,FrScA-S216-01,F,Course Unavailable at Local School,Approved/Enrolled,95.48532731,FrScA,S216,01,4.6,3.6666666666666665,4,4.142857142857143,NA,NA,0.9879518072289156,0.016106804422878995,18
88596,FrScA-S216-01,F,Course Unavailable at Local School,Approved/Enrolled,91.87358916,FrScA,S216,01,4.4,3.6666666666666665,3,4,NA,NA,0.9518072289156626,0.06845921414684912,17
88845,FrScA-S216-01,F,Course Unavailable at Local School,Approved/Enrolled,90.97065463,FrScA,S216,01,4.8,3.6666666666666665,3.5,4.285714285714286,NA,NA,0.9548192771084337,0.05512449769361486,16
88854,FrScA-S216-01,M,Course Unavailable at Local School,Approved/Enrolled,69.63882619,FrScA,S216,01,3.8,2.6666666666666665,2.5,3.2857142857142856,NA,NA,0.8313253012048193,0.14193914531746693,11
89333,FrScA-S216-01,F,Other,Approved/Enrolled,90.51918736,FrScA,S216,01,NA,4,3.5,4,NA,NA,0.9397590361445783,0.06635848018683155,16
89345,FrScA-S216-01,M,Course Unavailable at Local School,Dropped,NA,FrScA,S216,01,4,2.3333333333333335,4,3.2857142857142856,NA,NA,0.07228915662650602,0.4220069494951378,1
89465,FrScA-S216-01,M,Course Unavailable at Local School,Dropped,NA,FrScA,S216,01,3,3.3333333333333335,2.5,3.142857142857143,NA,NA,0,NA,0
90029,FrScA-S216-01,F,Other,Approved/Enrolled,68.62302483,FrScA,S216,01,4.8,3.6666666666666665,3.5,4.428571428571429,NA,NA,0.7710843373493976,0.24606928921753035,8
90277,FrScA-S216-01,M,Course Unavailable at Local School,Approved/Enrolled,91.4221219,FrScA,S216,01,4.4,3,3.5,3.857142857142857,NA,NA,0.9397590361445783,0.064480932423015,17
90394,FrScA-S216-01,F,Course Unavailable at Local School,Approved/Enrolled,45.59819413,FrScA,S216,01,5,3.3333333333333335,3.5,4.285714285714286,NA,NA,0.8012048192771084,0.11114031832259014,13
90622,FrScA-S216-01,F,Course Unavailable at Local School,Approved/Enrolled,89.61625282,FrScA,S216,01,3.8,3.3333333333333335,2.5,3.5714285714285716,NA,NA,0.9156626506024096,0.0859491535694295,16
90636,FrScA-S216-01,M,Course Unavailable at Local School,Approved/Enrolled,52.37020316,FrScA,S216,01,3.8,3.6666666666666665,3.5,3.7142857142857144,NA,NA,0.9457831325301205,0.19619725070579827,15
90989,FrScA-S216-01,F,Learning Preference of the Student,Approved/Enrolled,88.48758465,FrScA,S216,01,4.8,3,3.5,4,NA,NA,0.9096385542168675,0.06600072557985968,15
91212,FrScA-S216-01,F,Course Unavailable at Local School,Approved/Enrolled,81.6027088,FrScA,S216,01,5,4.666666666666667,3.5,4.857142857142857,NA,NA,0.9156626506024096,0.09100104041061337,15
92124,FrScA-S216-01,M,Other,Approved/Enrolled,75.16930023,FrScA,S216,01,4.2,2.6666666666666665,3.5,3.4285714285714284,NA,NA,0.8765060240963856,0.07380793096464901,15
94070,FrScA-S216-01,M,Other,Approved/Enrolled,93.67945824,FrScA,S216,01,4.4,4,3.5,4.285714285714286,NA,NA,0.9879518072289156,0.016106804422878995,18
94135,FrScA-S216-01,F,Other,Approved/Enrolled,85.89164786,FrScA,S216,01,4.4,3.6666666666666665,3.5,4.142857142857143,NA,NA,0.9006024096385542,0.13805338290122324,14
94156,FrScA-S216-01,F,Course Unavailable at Local School,Approved/Enrolled,95.03386005,FrScA,S216,01,3.8,3,3,3.4285714285714284,NA,NA,1,0,20
94172,FrScA-S216-01,F,Course Unavailable at Local School,Approved/Enrolled,90.97065463,FrScA,S216,01,4.2,4,4,4,NA,NA,0.9518072289156626,0.064427217691516,18
94257,FrScA-S216-01,F,Course Unavailable at Local School,Approved/Enrolled,90.29345372,FrScA,S216,01,5,3.6666666666666665,4,4.428571428571429,NA,NA,0.9397590361445783,0.08341765692844559,15
94288,FrScA-S216-01,M,Course Unavailable at Local School,Approved/Enrolled,91.87358916,FrScA,S216,01,4.6,3.6666666666666665,4,4.142857142857143,NA,NA,0.9518072289156626,0.07317915524095947,15
94292,FrScA-S216-01,M,Other,Approved/Enrolled,89.05191874,FrScA,S216,01,5,5,5,5,NA,NA,0.9367469879518072,0.0693204089620361,16
94331,FrScA-S216-01,F,Learning Preference of the Student,Approved/Enrolled,21.89616253,FrScA,S216,01,4.8,3.6666666666666665,4,4.285714285714286,NA,NA,0.41566265060240964,0.23519137572124402,5
94332,FrScA-S216-01,M,Course Unavailable at Local School,Approved/Enrolled,75.84650113,FrScA,S216,01,4,2,3,3.142857142857143,NA,NA,0.9759036144578314,0.03221360884575802,18
94356,FrScA-S216-01,F,Scheduling Conflict,Dropped,NA,FrScA,S216,01,5,4.333333333333333,3,4.714285714285714,NA,NA,0.18072289156626506,0.3641958264060272,4
94370,FrScA-S216-01,M,Learning Preference of the Student,Approved/Enrolled,94.13092551,FrScA,S216,01,4,4,4,4,NA,NA,0.963855421686747,0.09320430273765003,17
94376,FrScA-S216-01,F,Course Unavailable at Local School,Approved/Enrolled,93.67945824,FrScA,S216,01,4,2.6666666666666665,3.5,3.4285714285714284,NA,NA,0.9518072289156626,0.052383905307742944,17
94400,FrScA-S216-01,M,Learning Preference of the Student,Approved/Enrolled,85.10158014,FrScA,S216,01,3.8,3,2.5,3.5714285714285716,NA,NA,0.9397590361445783,0.06729831837611482,17
94402,FrScA-S216-01,M,Course Unavailable at Local School,Approved/Enrolled,92.0993228,FrScA,S216,01,4.4,3.6666666666666665,3.5,4,NA,NA,0.963855421686747,0.038444007488319866,17
94404,FrScA-S216-01,F,Learning Preference of the Student,Approved/Enrolled,83.18284424,FrScA,S216,01,4,2.3333333333333335,3.5,3.2857142857142856,NA,NA,0.8975903614457831,0.09402739226037184,15
94419,FrScA-S216-01,M,Other,Approved/Enrolled,83.74717833,FrScA,S216,01,3.8,3.3333333333333335,3,3.5714285714285716,NA,NA,0.9879518072289156,0.016106804422878995,18
94586,FrScA-S216-01,F,Learning Preference of the Student,Approved/Enrolled,75.16930023,FrScA,S216,01,4.4,3.6666666666666665,3.5,4,NA,NA,0.8343373493975904,0.2132289271895443,13
94661,FrScA-S216-01,F,Course Unavailable at Local School,Approved/Enrolled,73.13769752,FrScA,S216,01,5,3.6666666666666665,5,4.428571428571429,NA,NA,0.8885542168674698,0.10042951780851762,15
94756,FrScA-S216-01,F,Course Unavailable at Local School,Approved/Enrolled,68.84875847,FrScA,S216,01,4.2,3,3,3.5714285714285716,NA,NA,0.8644578313253012,0.0719485277967172,15
94824,FrScA-S216-01,F,Course Unavailable at Local School,Approved/Enrolled,96.38826185,FrScA,S216,01,4.8,3.3333333333333335,3.5,4.142857142857143,NA,NA,0.9879518072289156,0.016106804422878995,18
94869,FrScA-S216-01,F,Course Unavailable at Local School,Approved/Enrolled,40.97065463,FrScA,S216,01,3.4,2.3333333333333335,3,3,NA,NA,0.9066265060240963,0.12276577794543413,14
95005,FrScA-S216-01,F,Other,Approved/Enrolled,95.03386005,FrScA,S216,01,4.2,3.6666666666666665,3.5,4,NA,NA,0.9759036144578314,0.03221360884575802,18
95045,FrScA-S216-01,F,Course Unavailable at Local School,Approved/Enrolled,76.74943567,FrScA,S216,01,2.6,1.6666666666666667,2,2.2857142857142856,NA,NA,0.572289156626506,0.26376938387375465,8
95165,FrScA-S216-01,F,Course Unavailable at Local School,Approved/Enrolled,92.0993228,FrScA,S216,01,4,2,3.5,3.142857142857143,NA,NA,0.9397590361445783,0.06745292996764309,16
95360,FrScA-S216-01,F,Other,Approved/Enrolled,91.87358916,FrScA,S216,01,4.6,2,4,3.5714285714285716,NA,NA,0.9518072289156626,0.052383905307742944,17
95449,FrScA-S216-01,F,Other,Approved/Enrolled,42.0993228,FrScA,S216,01,5,4,4,4.571428571428571,NA,NA,0.6957831325301205,0.2953269916257021,5
95485,FrScA-S216-01,M,Course Unavailable at Local School,Approved/Enrolled,36.79458239,FrScA,S216,01,4.2,5,3,5,NA,NA,0.7349397590361446,0.12375210552469774,14
95633,FrScA-S216-01,M,Course Unavailable at Local School,Approved/Enrolled,66.93002257,FrScA,S216,01,4,3.3333333333333335,3,3.7142857142857144,NA,NA,0.8644578313253012,0.1737124094146948,10
95684,FrScA-S216-01,M,Course Unavailable at Local School,Approved/Enrolled,0.902934537,FrScA,S216,01,3.8,3.6666666666666665,3,3.7142857142857144,NA,NA,0,NA,0
95726,FrScA-S216-01,F,Course Unavailable at Local School,Approved/Enrolled,94.58239278,FrScA,S216,01,4.2,3,3.5,3.7142857142857144,NA,NA,0.927710843373494,0.07688801497663972,17
95743,FrScA-S216-01,F,Course Unavailable at Local School,Approved/Enrolled,95.93679458,FrScA,S216,01,4.8,3.3333333333333335,4,4.142857142857143,NA,NA,0.9759036144578314,0.02703087467447469,17
95896,FrScA-S216-01,F,Learning Preference of the Student,Approved/Enrolled,75.50790068,FrScA,S216,01,4,2.6666666666666665,2.5,3.4285714285714284,NA,NA,0.8192771084337349,0.20759712406898279,7
95989,FrScA-S216-01,M,Course Unavailable at Local School,Approved/Enrolled,85.44018059,FrScA,S216,01,4,4.333333333333333,3.5,4.142857142857143,NA,NA,0.9216867469879518,0.12678284721692148,14
95991,FrScA-S216-01,F,Course Unavailable at Local School,Approved/Enrolled,82.39277652,FrScA,S216,01,5,4.666666666666667,4.5,4.857142857142857,NA,NA,0.8192771084337349,0.1767383869455594,8
43146,FrScA-S216-02,F,Course Unavailable at Local School,Approved/Enrolled,93.4537246,FrScA,S216,02,4.2,3.6666666666666665,4,3.857142857142857,NA,NA,0.9759036144578314,0.027065580537629013,17
77067,FrScA-S216-02,F,Course Unavailable at Local School,Dropped,NA,FrScA,S216,02,3.6,3,4.5,3.2857142857142856,NA,NA,0.18072289156626506,0.3624610128250213,4
77141,FrScA-S216-02,F,Course Unavailable at Local School,Approved/Enrolled,82.27990971,FrScA,S216,02,4.2,4,3.5,4.142857142857143,NA,NA,0.95783132530120485,0.06701695923361072,16
77980,FrScA-S216-02,F,Course Unavailable at Local School,Approved/Enrolled,93.00225734,FrScA,S216,02,4.4,4.333333333333333,4,4.428571428571429,NA,NA,0.9759036144578314,0.03224503392267628,18
87988,FrScA-S216-02,F,Course Unavailable at Local School,Dropped,NA,FrScA,S216,02,5,4.333333333333333,4.5,4.714285714285714,NA,NA,0.07228915662650602,0.42136532203584537,1
88048,FrScA-S216-02,F,Course Unavailable at Local School,Approved/Enrolled,93.00225734,FrScA,S216,02,3.6,2.6666666666666665,3,3.2857142857142856,NA,NA,0.9518072289156626,0.05413116107525805,17
89994,FrScA-S216-02,F,Course Unavailable at Local School,Approved/Enrolled,90.74492099,FrScA,S216,02,4.6,3.6666666666666665,4,4.142857142857143,NA,NA,0.9759036144578314,0.027065580537629013,17
91410,FrScA-S216-02,M,Course Unavailable at Local School,Approved/Enrolled,61.173814900000004,FrScA,S216,02,3.4,3.3333333333333335,2.5,3.4285714285714284,NA,NA,0.713855421686747,0.1498656822406178,9
91550,FrScA-S216-02,F,Course Unavailable at Local School,Approved/Enrolled,69.97742664,FrScA,S216,02,3.8,4,2,3.857142857142857,NA,NA,0.8283132530120482,0.13660145463655143,9
91607,FrScA-S216-02,M,Course Unavailable at Local School,Approved/Enrolled,70.54176072,FrScA,S216,02,4.4,4.333333333333333,4,4.428571428571429,NA,NA,0.7981927710843374,0.17802593450439194,8
91943,FrScA-S216-02,F,Course Unavailable at Local School,Approved/Enrolled,91.64785553,FrScA,S216,02,5,4.666666666666667,4.5,4.857142857142857,NA,NA,0.9759036144578314,0.03224503392267628,18
95476,FrScA-S216-02,F,Course Unavailable at Local School,Approved/Enrolled,68.17155756,FrScA,S216,02,5,5,4.5,5,NA,NA,0.7831325301204819,0.17700668314977605,9
95923,FrScA-S216-02,F,Course Unavailable at Local School,Approved/Enrolled,89.61625282,FrScA,S216,02,4.2,3.3333333333333335,3,3.857142857142857,NA,NA,0.95783132530120485,0.05220564764029298,17
95925,FrScA-S216-02,F,Course Unavailable at Local School,Approved/Enrolled,90.74492099,FrScA,S216,02,5,3.6666666666666665,3,4.428571428571429,NA,NA,0.963855421686747,0.04836755088401441,18
96082,FrScA-S216-02,M,Course Unavailable at Local School,Approved/Enrolled,52.59593679,FrScA,S216,02,3.6,3.6666666666666665,3.5,3.5714285714285716,NA,NA,0.7289156626506024,0.3332851346450116,11
96134,FrScA-S216-02,F,Learning Preference of the Student,Approved/Enrolled,89.72911964,FrScA,S216,02,5,3.3333333333333335,4.5,4.285714285714286,NA,NA,0.9608433734939759,0.04291154129065804,16
96142,FrScA-S216-02,F,Course Unavailable at Local School,Approved/Enrolled,90.85778781,FrScA,S216,02,4.4,3.3333333333333335,3.5,4,NA,NA,0.9066265060240963,0.11929502800072099,14
96189,FrScA-S216-02,F,Course Unavailable at Local School,Approved/Enrolled,88.48758465,FrScA,S216,02,4.8,3.3333333333333335,2.5,4.142857142857143,NA,NA,0.927710843373494,0.082768944502189,17
96280,FrScA-S216-02,F,Course Unavailable at Local School,Approved/Enrolled,81.03837472,FrScA,S216,02,4.2,3.6666666666666665,3,4,NA,NA,0.9397590361445783,0.066438474482144,16
96414,FrScA-S216-02,F,Learning Preference of the Student,Approved/Enrolled,61.62528217,FrScA,S216,02,4.8,3.3333333333333335,3.5,4.142857142857143,NA,NA,0.9216867469879518,0.11656330135313415,14
96433,FrScA-S216-02,F,Course Unavailable at Local School,Approved/Enrolled,93.4537246,FrScA,S216,02,4,3,3,3.5714285714285716,NA,NA,0.9879518072289156,0.016122516961338127,18
96769,FrScA-S216-02,M,Course Unavailable at Local School,Approved/Enrolled,59.59367946,FrScA,S216,02,4.8,5,4.5,5,NA,NA,0.5993975903614458,0.31286573063828294,5
96841,FrScA-S216-02,M,Course Unavailable at Local School,Approved/Enrolled,92.55079007,FrScA,S216,02,5,3,3.5,4.142857142857143,NA,NA,0.9879518072289156,0.016122516961338127,18
51943,FrScA-S216-03,M,Learning Preference of the Student,Withdrawn,NA,FrScA,S216,03,3.8,3.6666666666666665,3.5,3.7142857142857144,NA,NA,0.11746987951807229,0.436490803625856,2
85348,FrScA-S216-03,F,Course Unavailable at Local School,Approved/Enrolled,76.29464286,FrScA,S216,03,4.4,3,4,3.7142857142857144,NA,NA,0.8561746987951807,0.11278847529309802,6
94369,FrScA-S216-03,F,Course Unavailable at Local School,Approved/Enrolled,66.03794643,FrScA,S216,03,4,3.3333333333333335,3.5,3.7142857142857144,NA,NA,0.7762048192771084,0.15610397873335885,4
85867,FrScA-S216-04,F,Course Unavailable at Local School,Approved/Enrolled,86.20767494,FrScA,S216,04,5,3.6666666666666665,4,4.428571428571429,NA,NA,0.8914457831325301,0.1549499067747924,11
86002,FrScA-S216-04,F,Other,Approved/Enrolled,91.50564334,FrScA,S216,04,4.4,4,3.5,4.142857142857143,NA,NA,0.9295481927710844,0.08180186515227326,10
88311,FrScA-S216-04,M,Course Unavailable at Local School,Approved/Enrolled,92.60722348,FrScA,S216,04,5,3,4,4.142857142857143,NA,NA,0.9759036144578314,0.03224503392267628,18
96048,FrScA-S216-04,M,Learning Preference of the Student,Approved/Enrolled,70.85327314,FrScA,S216,04,4,2,3.5,3.142857142857143,NA,NA,0.920933734939759,0.1576354918632906,10
64930,FrScA-T116-01,F,Course Unavailable at Local School,Approved/Enrolled,83.23287671,FrScA,T116,01,5,3.3333333333333335,3,4.285714285714286,NA,NA,0.9275602409638554,0.08633189771816822,11
72287,FrScA-T116-01,F,Learning Preference of the Student,Approved/Enrolled,90.86757991,FrScA,T116,01,4.4,3.3333333333333335,4,4,NA,NA,0.9378012048192772,0.0728683806704379,9
87866,FrScA-T116-01,F,Course Unavailable at Local School,Approved/Enrolled,94.50456621,FrScA,T116,01,3.8,3.3333333333333335,3.5,3.5714285714285716,NA,NA,0.9595180722891566,0.058359798953578824,11
44638,OcnA-S116-01,M,Course Unavailable at Local School,Approved/Enrolled,81.70184255,OcnA,S116,01,4,3,3,3.5714285714285716,3,95,0.8971,0.10903788290787675,12
54066,OcnA-S116-01,F,Other,Approved/Enrolled,93.90452261,OcnA,S116,01,4.6,4.666666666666667,4,4.714285714285714,9,438,0.9779333333333333,0.05367129403473119,14
54346,OcnA-S116-01,F,Course Unavailable at Local School,Approved/Enrolled,51.0921273,OcnA,S116,01,4.4,2,3,3.2857142857142856,1,197,0.5794666666666667,0.3497188630150714,6
57981,OcnA-S116-01,F,Learning Preference of the Student,Approved/Enrolled,66.69011725,OcnA,S116,01,4.2,3.3333333333333335,2.5,3.857142857142857,9,829,0.8823666666666666,0.10398593960267496,9
58178,OcnA-S116-01,M,Course Unavailable at Local School,Approved/Enrolled,92.68174204,OcnA,S116,01,4,4,4.5,4,8,458,0.9533333333333334,0.17884201512583392,15
66740,OcnA-S116-01,F,Course Unavailable at Local School,Approved/Enrolled,99.32998325,OcnA,S116,01,4,3,3,3.5714285714285716,11,824,0.99,0.01832330018523854,17
67920,OcnA-S116-01,M,Course Unavailable at Local School,Approved/Enrolled,90.70351759,OcnA,S116,01,4.8,4.333333333333333,4.5,4.571428571428571,10,616,0.9733333333333334,0.10991896894161232,13
86460,OcnA-S116-01,F,Other,Approved/Enrolled,88.72026801,OcnA,S116,01,4.2,3.6666666666666665,3.5,4,6,387,0.9238333333333333,0.08597403928147615,11
86758,OcnA-S116-01,F,Course Unavailable at Local School,Approved/Enrolled,94.61474037,OcnA,S116,01,4.6,3,3.5,3.857142857142857,7,390,0.9608333333333333,0.09975390039128723,15
86943,OcnA-S116-01,M,Scheduling Conflict,Approved/Enrolled,73.07872697,OcnA,S116,01,4.4,3.6666666666666665,4,4,8,495,0.6287666666666667,0.3219194643392472,7
87970,OcnA-S116-01,F,Course Unavailable at Local School,Approved/Enrolled,86.69514238,OcnA,S116,01,4.2,5,3,5,12,369,0.8908333333333334,0.1446022106306183,10
88440,OcnA-S116-01,M,Learning Preference of the Student,Approved/Enrolled,81.06532663,OcnA,S116,01,4.6,4,3.5,4.285714285714286,5,344,0.8733333333333333,0.13360737796414793,8
89114,OcnA-S116-01,F,Learning Preference of the Student,Approved/Enrolled,95.00837521,OcnA,S116,01,4,3.6666666666666665,3,3.857142857142857,10,383,0.9488333333333333,0.1401758682207203,11
89435,OcnA-S116-01,F,Course Unavailable at Local School,Approved/Enrolled,93.83249581,OcnA,S116,01,5,3.6666666666666665,4.5,4.428571428571429,13,888,0.9833333333333333,0.06247038772174591,15
89487,OcnA-S116-01,F,Course Unavailable at Local School,Approved/Enrolled,81.89782245,OcnA,S116,01,5,4,4.5,4.571428571428571,9,462,0.9370999999999999,0.1037537865466628,9
90562,OcnA-S116-01,M,Course Unavailable at Local School,Approved/Enrolled,77.5561139,OcnA,S116,01,NA,3.3333333333333335,4.5,3.4285714285714284,5,92,0.8983333333333333,0.19243968353290758,10
90861,OcnA-S116-01,M,Course Unavailable at Local School,Approved/Enrolled,89.12897822,OcnA,S116,01,4.2,4,3,4.142857142857143,6,524,0.8948333333333333,0.11691373187457768,9
91635,OcnA-S116-01,F,Course Unavailable at Local School,Approved/Enrolled,73.48743719,OcnA,S116,01,3,3,3,3,5,448,0.81466666666666665,0.25451776220595296,5
91818,OcnA-S116-01,M,Other,Approved/Enrolled,96.46231156,OcnA,S116,01,4,3.6666666666666665,3.5,3.857142857142857,9,550,0.97,0.10296322371894001,13
54282,OcnA-S116-02,F,Course Unavailable at Local School,Approved/Enrolled,93.40033501,OcnA,S116,02,3.4,2,3.5,2.7142857142857144,6,238,0.9608333333333333,0.11739356881873896,13
54342,OcnA-S116-02,F,Learning Preference of the Student,Approved/Enrolled,64.78224456,OcnA,S116,02,4,3,3.5,3.5714285714285716,2,96,0.8573333333333333,0.15351775288969882,9
68476,OcnA-S116-02,F,Course Unavailable at Local School,Approved/Enrolled,94.57956449,OcnA,S116,02,4,3.6666666666666665,4,3.857142857142857,4,178,0.9687666666666667,0.06479918315400973,12
85410,OcnA-S116-02,F,Course Unavailable at Local School,Approved/Enrolled,93.9279732,OcnA,S116,02,5,5,5,5,8,444,0.945,0.12554544510111054,10
85487,OcnA-S116-02,F,Course Unavailable at Local School,Dropped,NA,OcnA,S116,02,3.4,4.333333333333333,3,3.7142857142857144,NA,NA,0,NA,0
86133,OcnA-S116-02,M,Course Unavailable at Local School,Approved/Enrolled,79.11222781,OcnA,S116,02,4.4,4,3.5,4.285714285714286,8,453,0.8602666666666666,0.13579689506953505,7
86689,OcnA-S116-02,M,Course Unavailable at Local School,Approved/Enrolled,60.40201005,OcnA,S116,02,5,4,3,4.571428571428571,10,666,0.9633333333333334,0.08287455952799425,12
87001,OcnA-S116-02,M,Course Unavailable at Local School,Approved/Enrolled,68.25795645,OcnA,S116,02,4.2,3.6666666666666665,4.5,4,7,259,0.9125,0.15975844503286885,8
87122,OcnA-S116-02,F,Course Unavailable at Local School,Approved/Enrolled,8.040201005,OcnA,S116,02,5,5,4,5,5,364,0.2866666666666667,0.18582919598213055,5
87209,OcnA-S116-02,F,Learning Preference of the Student,Approved/Enrolled,80.83752094,OcnA,S116,02,3.8,3.3333333333333335,3.5,3.5714285714285716,5,279,0.9241666666666667,0.07367742241079973,14
88166,OcnA-S116-02,F,Scheduling Conflict,Approved/Enrolled,84.92127303,OcnA,S116,02,5,3,3,4.142857142857143,7,379,0.8644333333333333,0.19924514863221193,7
88168,OcnA-S116-02,F,Scheduling Conflict,Approved/Enrolled,95.96314908,OcnA,S116,02,4.8,3.6666666666666665,3.5,4.285714285714286,9,488,0.96,0.06621971888788597,15
90090,OcnA-S116-02,F,Other,Approved/Enrolled,96.29815745,OcnA,S116,02,5,4,3.5,4.571428571428571,7,338,0.975,0.05575234699908544,14
92021,OcnA-S116-02,F,Course Unavailable at Local School,Approved/Enrolled,86.76716918,OcnA,S116,02,5,4.666666666666667,4.5,4.857142857142857,8,331,0.8925,0.11227482897474607,9
88307,OcnA-S116-03,M,Course Unavailable at Local School,Approved/Enrolled,54.5352381,OcnA,S116,03,4.4,3,3,3.857142857142857,3,173,0.6307826086956523,0.22502644530345994,1
47979,OcnA-S216-01,M,Course Unavailable at Local School,Approved/Enrolled,81.85259631,OcnA,S216,01,4,3.6666666666666665,2.5,3.857142857142857,NA,NA,0.807639344262295,0.15308850485385428,3
62175,OcnA-S216-01,F,Learning Preference of the Student,Approved/Enrolled,73.77386935,OcnA,S216,01,3.2,2,2.5,2.7142857142857144,NA,NA,0.7315737704918033,0.17893444944861842,3
68022,OcnA-S216-01,F,Course Unavailable at Local School,Approved/Enrolled,90.95979899,OcnA,S216,01,4.8,4,3.5,4.428571428571429,NA,NA,0.9245901639344263,0.08675537145867725,8
76443,OcnA-S216-01,F,Course Unavailable at Local School,Withdrawn,NA,OcnA,S216,01,3.6,4,2.5,3.857142857142857,NA,NA,0.7469180327868853,0.1464022633693908,5
80822,OcnA-S216-01,M,Learning Preference of the Student,Approved/Enrolled,90.94639866,OcnA,S216,01,5,5,5,5,NA,NA,0.910655737704918,0.11537857567372041,8
84932,OcnA-S216-01,F,Course Unavailable at Local School,Approved/Enrolled,88.30318258,OcnA,S216,01,5,4.666666666666667,4.5,4.857142857142857,NA,NA,0.8894426229508198,0.13781257754724138,9
86240,OcnA-S216-01,M,Course Unavailable at Local School,Approved/Enrolled,71.80904523,OcnA,S216,01,4,3.6666666666666665,3.5,3.857142857142857,NA,NA,0.769016393442623,0.15406350310490108,3
86296,OcnA-S216-01,F,Course Unavailable at Local School,Approved/Enrolled,73.1038526,OcnA,S216,01,3.6,3,3,3.2857142857142856,NA,NA,0.6827868852459016,0.1958956099227457,2
86527,OcnA-S216-01,F,Course Unavailable at Local School,Approved/Enrolled,82.71524288,OcnA,S216,01,4.4,4,3,4.285714285714286,NA,NA,0.8061639344262295,0.20488715574357988,7
87670,OcnA-S216-01,F,Course Unavailable at Local School,Approved/Enrolled,76.20435511,OcnA,S216,01,4.8,5,5,4.857142857142857,NA,NA,0.7432131147540983,0.14766357929791668,3
87825,OcnA-S216-01,M,Course Unavailable at Local School,Approved/Enrolled,93.47738693,OcnA,S216,01,4.6,3.6666666666666665,4.5,4.142857142857143,NA,NA,0.9376393442622951,0.06686953417207168,13
88474,OcnA-S216-01,F,Other,Approved/Enrolled,56.9681742,OcnA,S216,01,4.2,3,3,3.7142857142857144,NA,NA,0.6855737704918032,0.17291265055577115,4
88504,OcnA-S216-01,F,Course Unavailable at Local School,Dropped,NA,OcnA,S216,01,3.8,3,4,3.4285714285714284,NA,NA,0.11147540983606558,0.308188254156449,0
88849,OcnA-S216-01,M,Scheduling Conflict,Approved/Enrolled,90.76884422,OcnA,S216,01,4.2,4,3,4.142857142857143,NA,NA,0.878327868852459,0.15512566504552194,6
90996,OcnA-S216-01,M,Course Unavailable at Local School,Approved/Enrolled,1.800670017,OcnA,S216,01,3.8,3.3333333333333335,4,3.5714285714285716,NA,NA,0.07049180327868852,0.4946305439416373,2
94319,OcnA-S216-01,F,Course Unavailable at Local School,Approved/Enrolled,56.99497487,OcnA,S216,01,5,5,5,5,NA,NA,0.6932131147540984,0.2111562370976457,5
94323,OcnA-S216-01,F,Course Unavailable at Local School,Approved/Enrolled,93.96984925,OcnA,S216,01,4.4,3.6666666666666665,4,4,NA,NA,0.9467213114754098,0.07760957166506645,12
94590,OcnA-S216-01,M,Course Unavailable at Local School,Approved/Enrolled,75.99497487,OcnA,S216,01,3,2,3,2.5714285714285716,NA,NA,0.8319344262295081,0.14723316739629852,6
94630,OcnA-S216-01,F,Course Unavailable at Local School,Approved/Enrolled,3.433835846,OcnA,S216,01,4,4.666666666666667,2.5,4.285714285714286,NA,NA,0.13442622950819672,0.2860142770329248,1
94654,OcnA-S216-01,M,Course Unavailable at Local School,Approved/Enrolled,81.50753769,OcnA,S216,01,4.4,3,3.5,3.7142857142857144,NA,NA,0.8215409836065574,0.13167697862251887,6
94717,OcnA-S216-01,M,Course Unavailable at Local School,Approved/Enrolled,66.73366834,OcnA,S216,01,4.6,3,2,3.857142857142857,NA,NA,0.7483606557377049,0.1630489308954427,5
94744,OcnA-S216-01,M,Course Unavailable at Local School,Approved/Enrolled,96.79731993,OcnA,S216,01,3.6,3,3,3.4285714285714284,NA,NA,0.9868852459016394,0.06782617388256362,16
94956,OcnA-S216-01,F,Course Unavailable at Local School,Approved/Enrolled,55.77554439,OcnA,S216,01,4.8,3.6666666666666665,4,4.285714285714286,NA,NA,0.7559999999999999,0.1480906676379558,4
95091,OcnA-S216-01,M,Course Unavailable at Local School,Approved/Enrolled,61.04187605,OcnA,S216,01,5,4.666666666666667,4.5,4.857142857142857,NA,NA,0.5754426229508196,0.2793953161962782,6
95504,OcnA-S216-01,F,Other,Approved/Enrolled,42.41541039,OcnA,S216,01,5,5,4.5,5,NA,NA,0.6028524590163935,0.2756213962205781,2
95533,OcnA-S216-01,M,Course Unavailable at Local School,Approved/Enrolled,22.97319933,OcnA,S216,01,3.2,2.3333333333333335,NA,2.857142857142857,NA,NA,0.4891803278688524,0.3407150050982112,4
95725,OcnA-S216-01,M,Course Unavailable at Local School,Approved/Enrolled,68.44053601,OcnA,S216,01,3.4,3.3333333333333335,2.5,3.142857142857143,NA,NA,0.7463606557377048,0.16424708203531352,3
95738,OcnA-S216-01,F,Course Unavailable at Local School,Dropped,NA,OcnA,S216,01,4.8,4.666666666666667,4.5,4.857142857142857,NA,NA,0.03934426229508197,0.3485971887436845,0
95770,OcnA-S216-01,F,Course Unavailable at Local School,Approved/Enrolled,91.968174200000007,OcnA,S216,01,3.6,3,2.5,3.2857142857142856,NA,NA,0.9485245901639344,0.11062786653371369,11
96121,OcnA-S216-01,F,Course Unavailable at Local School,Approved/Enrolled,81.28643216,OcnA,S216,01,4.2,3.6666666666666665,3.5,4,NA,NA,0.8061639344262295,0.19987601907669994,9
96345,OcnA-S216-01,F,Scheduling Conflict,Approved/Enrolled,63.14572864,OcnA,S216,01,4.4,4,4.5,4.142857142857143,NA,NA,0.7157704918032787,0.20383457510711184,8
96373,OcnA-S216-01,F,Course Unavailable at Local School,Approved/Enrolled,80.27303183,OcnA,S216,01,2.2,1,3.5,1.7142857142857142,NA,NA,0.660655737704918,0.27307265864708025,7
96374,OcnA-S216-01,F,Course Unavailable at Local School,Approved/Enrolled,77.15242881,OcnA,S216,01,4,3.6666666666666665,3.5,3.857142857142857,NA,NA,0.7313114754098361,0.17854815903340202,3
96671,OcnA-S216-01,M,Course Unavailable at Local School,Approved/Enrolled,32.7001675,OcnA,S216,01,4.4,3,4,3.7142857142857144,NA,NA,0.6348852459016393,0.24684257122165995,5
96689,OcnA-S216-01,F,Course Unavailable at Local School,Approved/Enrolled,82.668341710000007,OcnA,S216,01,4.4,3,4,3.857142857142857,NA,NA,0.8389508196721311,0.12602622023664162,8
96756,OcnA-S216-01,F,Course Unavailable at Local School,Approved/Enrolled,91.13902848,OcnA,S216,01,3.8,3.6666666666666665,3,3.7142857142857144,NA,NA,0.930327868852459,0.11397265497421452,10
96856,OcnA-S216-01,F,Course Unavailable at Local School,Approved/Enrolled,13.02847571,OcnA,S216,01,4,3.3333333333333335,2.5,3.7142857142857144,NA,NA,0.5100327868852459,0.09008474501240828,2
97006,OcnA-S216-01,F,Scheduling Conflict,Approved/Enrolled,68.15075377,OcnA,S216,01,2.8,2.3333333333333335,3.5,2.5714285714285716,NA,NA,0.7240327868852459,0.16323811283361947,5
97272,OcnA-S216-01,F,Other,Approved/Enrolled,84.23953247,OcnA,S216,01,4,4,3.5,3.857142857142857,NA,NA,0.8594426229508196,0.1647266273584319,6
54567,OcnA-S216-02,M,Course Unavailable at Local School,Approved/Enrolled,65.84254606,OcnA,S216,02,4,3.6666666666666665,3.5,3.857142857142857,NA,NA,0.6529666666666667,0.24040097393978843,6
78002,OcnA-S216-02,F,Other,Approved/Enrolled,63.98324958,OcnA,S216,02,3.8,4,3,3.857142857142857,NA,NA,0.9596,0.08097001647061373,10
78241,OcnA-S216-02,F,Course Unavailable at Local School,Approved/Enrolled,57.24958124,OcnA,S216,02,4.6,3.6666666666666665,3.5,4.142857142857143,NA,NA,0.7118666666666666,0.19637902101993246,6
86697,OcnA-S216-02,F,Other,Approved/Enrolled,90.07705193,OcnA,S216,02,4.6,4,4,4.285714285714286,NA,NA,0.8337,0.15212689022681167,10
88642,OcnA-S216-02,F,Course Unavailable at Local School,Approved/Enrolled,83.58458961,OcnA,S216,02,3.8,2.6666666666666665,3,3.2857142857142856,NA,NA,0.9437666666666666,0.07972882067093105,9
88803,OcnA-S216-02,M,Credit Recovery,Approved/Enrolled,65.03685092,OcnA,S216,02,3.6,2.6666666666666665,3,3.142857142857143,NA,NA,0.8378666666666666,0.15938594892731456,5
88864,OcnA-S216-02,F,Learning Preference of the Student,Approved/Enrolled,69.8040201,OcnA,S216,02,4.2,3.3333333333333335,3,3.7142857142857144,NA,NA,0.7683,0.22538105333479705,6
91163,OcnA-S216-02,F,Course Unavailable at Local School,Approved/Enrolled,97.37018425,OcnA,S216,02,3.6,3.6666666666666665,3,3.7142857142857144,NA,NA,0.9528333333333334,0.0642951088321409,16
91252,OcnA-S216-02,M,Course Unavailable at Local School,Approved/Enrolled,70.21775544,OcnA,S216,02,4.8,4,4.5,4.428571428571429,NA,NA,0.729,0.2216836782298839,5
94240,OcnA-S216-02,F,Course Unavailable at Local School,Approved/Enrolled,87.09380235,OcnA,S216,02,5,4.333333333333333,4.5,4.714285714285714,NA,NA,0.9426666666666667,0.12356536515326828,11
94327,OcnA-S216-02,M,Course Unavailable at Local School,Approved/Enrolled,15.90954774,OcnA,S216,02,3.2,2,3,2.7142857142857144,NA,NA,0.5028666666666667,0.19817330825261284,4
94556,OcnA-S216-02,F,Course Unavailable at Local School,Approved/Enrolled,83.24288107,OcnA,S216,02,3,2.6666666666666665,3,2.857142857142857,NA,NA,0.8456,0.1214086403414576,7
94577,OcnA-S216-02,M,Course Unavailable at Local School,Approved/Enrolled,84.79564489,OcnA,S216,02,4.2,3.6666666666666665,3.5,4,NA,NA,0.9189999999999999,0.11083320760776406,8
94876,OcnA-S216-02,F,Course Unavailable at Local School,Approved/Enrolled,2.931323283,OcnA,S216,02,4,4,3,4,NA,NA,0.11666666666666667,0.33616634647150506,2
95368,OcnA-S216-02,M,Course Unavailable at Local School,Approved/Enrolled,92.28978224,OcnA,S216,02,5,4.333333333333333,4.5,4.714285714285714,NA,NA,0.9108999999999999,0.11212415866087627,11
95375,OcnA-S216-02,F,Learning Preference of the Student,Approved/Enrolled,93.43048576,OcnA,S216,02,4.6,3.6666666666666665,4,4.142857142857143,NA,NA,0.9633333333333334,0.08336923568717854,14
95624,OcnA-S216-02,F,Course Unavailable at Local School,Approved/Enrolled,87.12730318,OcnA,S216,02,4,3,3.5,3.5714285714285716,NA,NA,0.8984333333333332,0.14347947305340492,9
95868,OcnA-S216-02,F,Other,Approved/Enrolled,39.41038526,OcnA,S216,02,4,3.6666666666666665,3,3.857142857142857,NA,NA,0.7406333333333334,0.15403581542387076,5
95921,OcnA-S216-02,M,Course Unavailable at Local School,Approved/Enrolled,80.97822446,OcnA,S216,02,4.6,4,4,4.428571428571429,NA,NA,0.8531666666666666,0.14867075686379846,7
79893,OcnA-T116-01,F,Learning Preference of the Student,Approved/Enrolled,94.46566164,OcnA,T116,01,4,4,3.5,4,NA,NA,0.9554333333333334,0.05594363466474915,13
84645,OcnA-T116-01,F,Scheduling Conflict,Approved/Enrolled,22.680067,OcnA,T116,01,3.8,4,3,4,NA,NA,0.27466666666666667,0.333690354438816,1
84684,OcnA-T116-01,F,Course Unavailable at Local School,Approved/Enrolled,90.80569514,OcnA,T116,01,5,4.333333333333333,4.5,4.714285714285714,NA,NA,0.9491666666666667,0.1569318092194283,11
84685,OcnA-T116-01,F,Course Unavailable at Local School,Approved/Enrolled,82.0318258,OcnA,T116,01,4.6,3.6666666666666665,4,4.285714285714286,NA,NA,0.8491666666666666,0.17752778975894423,6
87955,OcnA-T116-01,F,Course Unavailable at Local School,Approved/Enrolled,83.44723618,OcnA,T116,01,5,3.6666666666666665,4,4.428571428571429,NA,NA,0.8484333333333334,0.20486337778877847,4
88282,OcnA-T116-01,F,Course Unavailable at Local School,Approved/Enrolled,92.12060302,OcnA,T116,01,2.8,2,3,2.4285714285714284,NA,NA,0.9420666666666667,0.08255380090498346,10
88340,OcnA-T116-01,F,Course Unavailable at Local School,Approved/Enrolled,68.93802345,OcnA,T116,01,3.8,3,3,3.4285714285714284,NA,NA,0.7676333333333333,0.17336351654657825,7
88703,OcnA-T116-01,F,Learning Preference of the Student,Approved/Enrolled,35.74539363,OcnA,T116,01,4.4,3,3,3.857142857142857,NA,NA,0.49076666666666663,0.29186353176592994,1
48797,PhysA-S116-01,M,Learning Preference of the Student,Approved/Enrolled,84,PhysA,S116,01,3.8,3.6666666666666665,3.5,3.7142857142857144,7,298,0.9485882352941176,0.06375468504341426,14
52446,PhysA-S116-01,F,Learning Preference of the Student,Approved/Enrolled,97.77777778,PhysA,S116,01,4.2,3.6666666666666665,3,4,9,522,1,0,20
54434,PhysA-S116-01,F,Learning Preference of the Student,Approved/Enrolled,93.0625,PhysA,S116,01,5,5,4,5,10,550,0.9118235294117647,0.14726036683263702,13
55140,PhysA-S116-01,M,Course Unavailable at Local School,Approved/Enrolled,73.78472222,PhysA,S116,01,5,4,4.5,4.571428571428571,5,223,0.7881764705882354,0.17219064724708646,8
57489,PhysA-S116-01,M,Course Unavailable at Local School,Approved/Enrolled,94.79166667,PhysA,S116,01,4.6,3.6666666666666665,4.5,4.142857142857143,9,491,0.9905882352941177,0.023353308658272967,17
62576,PhysA-S116-01,M,Course Unavailable at Local School,Approved/Enrolled,94.44444444,PhysA,S116,01,4,4.333333333333333,4,4.142857142857143,9,515,0.951764705882353,0.06081406199659697,15
62752,PhysA-S116-01,M,Course Unavailable at Local School,Approved/Enrolled,93.77777778,PhysA,S116,01,4.2,4.333333333333333,4,4.285714285714286,12,493,0.9475294117647058,0.10831069544884216,12
62754,PhysA-S116-01,M,Course Unavailable at Local School,Approved/Enrolled,96.34027778,PhysA,S116,01,4,4,4,4,9,361,0.9529411764705882,0.056067509803441946,13
74551,PhysA-S116-01,F,Learning Preference of the Student,Approved/Enrolled,71.67083333,PhysA,S116,01,3.8,3.3333333333333335,3.5,3.5714285714285716,7,259,0.7412117647058823,0.13264230931109092,10
76133,PhysA-S116-01,F,Other,Approved/Enrolled,93.61805556,PhysA,S116,01,3.2,3,2.5,3.142857142857143,10,788,0.934235294117647,0.06006848061323276,14
76426,PhysA-S116-01,F,Learning Preference of the Student,Approved/Enrolled,95.41666667,PhysA,S116,01,4.6,4.333333333333333,4.5,4.428571428571429,9,388,0.9835294117647059,0.0456590121730714,17
79352,PhysA-S116-01,M,Other,Approved/Enrolled,95.48611111,PhysA,S116,01,3.8,4,3.5,3.857142857142857,9,538,0.9823529411764705,0.018076950105603694,16
79596,PhysA-S116-01,F,Other,Approved/Enrolled,90.97222222,PhysA,S116,01,3,4,3.5,3.4285714285714284,9,437,0.9505882352941176,0.05816351789645848,14
85390,PhysA-S116-01,F,Learning Preference of the Student,Approved/Enrolled,3.055555556,PhysA,S116,01,3.6,4.333333333333333,3.5,3.857142857142857,2,187,0.07764705882352942,0.37709704016831597,1
85522,PhysA-S116-01,F,Other,Approved/Enrolled,98.05555556,PhysA,S116,01,3.4,3.6666666666666665,3,3.5714285714285716,9,483,0.9929411764705882,0.044622701062042386,17
85953,PhysA-S116-01,M,Other,Approved/Enrolled,95.13888889,PhysA,S116,01,4.2,4.333333333333333,5,4.285714285714286,9,456,0.9929411764705882,0.012249273016764378,18
85962,PhysA-S116-01,F,Learning Preference of the Student,Approved/Enrolled,85.93055556,PhysA,S116,01,3.8,3,2,3.4285714285714284,7,489,0.920470588235294,0.10371962916423892,13
86353,PhysA-S116-01,M,Learning Preference of the Student,Approved/Enrolled,85.73611111,PhysA,S116,01,4.8,5,3,4.857142857142857,9,449,0.8818823529411765,0.13877250023224577,11
87171,PhysA-S116-01,F,Course Unavailable at Local School,Approved/Enrolled,97.5,PhysA,S116,01,5,4.666666666666667,4,4.857142857142857,9,581,0.9835294117647059,0.0456590121730714,17
88091,PhysA-S116-01,M,Learning Preference of the Student,Approved/Enrolled,97.72222222,PhysA,S116,01,4.2,4,3.5,4.142857142857143,11,435,0.9701176470588235,0.07750487223473718,14
88381,PhysA-S116-01,M,Learning Preference of the Student,Approved/Enrolled,96.80555556,PhysA,S116,01,3.6,3.3333333333333335,3,3.4285714285714284,9,341,1,0,20
88481,PhysA-S116-01,F,Scheduling Conflict,Approved/Enrolled,26.80555556,PhysA,S116,01,4.8,4.666666666666667,4,4.714285714285714,9,641,0.5988235294117648,0.1280717491296925,9
89295,PhysA-S116-01,F,Learning Preference of the Student,Approved/Enrolled,68.05555556,PhysA,S116,01,4.4,4,4.5,4.142857142857143,6,325,0.8694117647058823,0.10811390100641234,13
89395,PhysA-S116-01,M,Course Unavailable at Local School,Approved/Enrolled,76.875,PhysA,S116,01,5,4.333333333333333,3.5,4.714285714285714,13,641,0.9482352941176471,0.06679568519190972,16
89425,PhysA-S116-01,M,Course Unavailable at Local School,Approved/Enrolled,92.375,PhysA,S116,01,3.4,4,3.5,3.7142857142857144,11,574,0.9036470588235295,0.10816188991119835,13
89490,PhysA-S116-01,F,Course Unavailable at Local School,Approved/Enrolled,71.59722222,PhysA,S116,01,3,3,2,3,10,418,0.8188235294117647,0.16774614227481036,10
90326,PhysA-S116-01,M,Learning Preference of the Student,Approved/Enrolled,77.43055556,PhysA,S116,01,5,4.666666666666667,5,4.857142857142857,9,547,0.9035294117647059,0.08259836744926705,14
90333,PhysA-S116-01,M,Other,Approved/Enrolled,70.73611111,PhysA,S116,01,4.6,4,5,4.285714285714286,10,535,0.7171764705882353,0.2482489036452541,12
91030,PhysA-S116-01,M,Course Unavailable at Local School,Approved/Enrolled,92.70833333,PhysA,S116,01,3.8,4,4.5,3.857142857142857,9,435,0.9011764705882352,0.10154562336929476,13
91038,PhysA-S116-01,M,Learning Preference of the Student,Approved/Enrolled,76.13888889,PhysA,S116,01,3.2,3.3333333333333335,2,3.2857142857142856,6,261,0.8443529411764706,0.14187773421469874,10
91633,PhysA-S116-01,M,Learning Preference of the Student,Approved/Enrolled,81.52777778,PhysA,S116,01,4.8,4.333333333333333,4,4.571428571428571,6,279,0.9423529411764706,0.06314712034918209,14
91821,PhysA-S116-01,M,Other,Approved/Enrolled,93.95833333,PhysA,S116,01,4,4,4,4,6,309,0.9694117647058823,0.046134332851499336,15
92511,PhysA-S116-01,M,Learning Preference of the Student,Approved/Enrolled,67.49305556,PhysA,S116,01,2.6,3.6666666666666665,3,2.857142857142857,7,467,0.7916470588235294,0.14086450970851772,7
92724,PhysA-S116-01,M,Other,Approved/Enrolled,93.88888889,PhysA,S116,01,4.2,4,4,4.142857142857143,9,510,0.9341176470588235,0.12267509965528921,14
92725,PhysA-S116-01,M,Other,Approved/Enrolled,96.59722222,PhysA,S116,01,4,3.3333333333333335,3.5,3.7142857142857144,7,406,0.9541176470588235,0.0902972530558826,15
92726,PhysA-S116-01,M,Other,Approved/Enrolled,98.19444444,PhysA,S116,01,2.4,3.6666666666666665,2.5,3,10,443,0.9823529411764705,0.04493511554396318,16
92727,PhysA-S116-01,M,Other,Approved/Enrolled,98.05555556,PhysA,S116,01,4,4,4.5,4,10,780,0.9788235294117648,0.09188609271208889,16
92729,PhysA-S116-01,M,Other,Approved/Enrolled,94.23611111,PhysA,S116,01,3.8,4,2.5,3.857142857142857,9,465,0.9482352941176471,0.06536067040197735,14
92732,PhysA-S116-01,M,Other,Approved/Enrolled,92.91666667,PhysA,S116,01,3.6,3.3333333333333335,3,3.4285714285714284,6,248,0.9235294117647059,0.12444010688939258,12
92733,PhysA-S116-01,F,Other,Approved/Enrolled,94.16666667,PhysA,S116,01,4.2,3.6666666666666665,3,3.857142857142857,10,659,0.971764705882353,0.08924348136542509,15
92740,PhysA-S116-01,M,Other,Approved/Enrolled,98.61111111,PhysA,S116,01,3.8,3.6666666666666665,3.5,3.857142857142857,9,486,0.9788235294117648,0.028236029492082718,17
92741,PhysA-S116-01,F,Other,Approved/Enrolled,98.19444444,PhysA,S116,01,4,4,4.5,4,11,700,0.9764705882352941,0.04670036201025009,16
92743,PhysA-S116-01,M,Other,Approved/Enrolled,92.84722222,PhysA,S116,01,4.4,3.6666666666666665,3.5,4.142857142857143,10,587,0.9223529411764706,0.0789269660565734,13
67102,PhysA-S216-01,M,Scheduling Conflict,Approved/Enrolled,89.86111111,PhysA,S216,01,3.8,3.6666666666666665,5,3.5714285714285716,NA,NA,0.9341176470588235,0.08919890834623032,14
70187,PhysA-S216-01,F,Scheduling Conflict,Approved/Enrolled,78.125,PhysA,S216,01,4.4,4,4.5,4.142857142857143,NA,NA,0.9482352941176471,0.08388819210238442,17
78153,PhysA-S216-01,F,Learning Preference of the Student,Approved/Enrolled,99.02777778,PhysA,S216,01,4.2,4.666666666666667,4.5,4.285714285714286,NA,NA,1,0,20
94189,PhysA-S216-01,F,Learning Preference of the Student,Approved/Enrolled,90.44444444,PhysA,S216,01,3.2,3.3333333333333335,3,3.2857142857142856,NA,NA,0.9424705882352942,0.09049203457206823,13
94251,PhysA-S216-01,F,Scheduling Conflict,Approved/Enrolled,96.94444444,PhysA,S216,01,4,3,3,3.5714285714285716,NA,NA,0.9764705882352941,0.04926614913685248,15
94970,PhysA-S216-01,F,Scheduling Conflict,Approved/Enrolled,95.41666667,PhysA,S216,01,4,3.6666666666666665,3.5,3.857142857142857,NA,NA,0.9541176470588235,0.0817942968055049,15
95266,PhysA-S216-01,F,Course Unavailable at Local School,Approved/Enrolled,90.55555556,PhysA,S216,01,4,4.666666666666667,3.5,4.285714285714286,NA,NA,0.9470588235294117,0.09321600766498978,14
95578,PhysA-S216-01,F,Other,Approved/Enrolled,90.55555556,PhysA,S216,01,3.6,4.666666666666667,2.5,4.142857142857143,NA,NA,0.9329411764705883,0.10725502558001325,15
96027,PhysA-S216-01,M,Other,Approved/Enrolled,74.47916667,PhysA,S216,01,3.8,4.333333333333333,3.5,4,NA,NA,0.8820588235294118,0.16419246854946395,12
96090,PhysA-S216-01,M,Learning Preference of the Student,Approved/Enrolled,11.02777778,PhysA,S216,01,3.2,3.3333333333333335,2.5,3.2857142857142856,NA,NA,0.26611764705882357,0.16581280417889066,0
96472,PhysA-S216-01,M,Other,Approved/Enrolled,62.20833333,PhysA,S216,01,4.2,3.6666666666666665,2.5,4,NA,NA,0.8490588235294116,0.13746081113643413,10
96590,PhysA-S216-01,M,Other,Approved/Enrolled,15.41666667,PhysA,S216,01,2.2,2,2,2.142857142857143,NA,NA,0.36823529411764705,0.2235020650975949,2
96808,PhysA-S216-01,F,Scheduling Conflict,Approved/Enrolled,93.75,PhysA,S216,01,NA,3.3333333333333335,3,NA,NA,NA,0.9247058823529412,0.10862259453141943,14
96867,PhysA-S216-01,M,Scheduling Conflict,Approved/Enrolled,90.625,PhysA,S216,01,3.6,3.6666666666666665,3.5,3.7142857142857144,NA,NA,0.9035294117647059,0.11185590398697622,12
97150,PhysA-S216-01,F,Course Unavailable at Local School,Approved/Enrolled,62.54861111,PhysA,S216,01,4,3.3333333333333335,2,3.5714285714285716,NA,NA,0.6972941176470588,0.17783707968030865,5
97265,PhysA-S216-01,M,Course Unavailable at Local School,Approved/Enrolled,84.56944444,PhysA,S216,01,5,5,5,5,NA,NA,0.9268235294117646,0.098610471030918,13
84632,PhysA-T116-01,F,Scheduling Conflict,Approved/Enrolled,97.63888889,PhysA,T116,01,4.4,4,3.5,4.142857142857143,NA,NA,0.9858823529411764,0.018824019661388473,17
