student_ID,course_ID,subject,semester,section,int,uv,percomp,tv,q1,q2,q3,q4,q5,q6,q7,q8,q9,q10,date.x,post_int,post_uv,post_tv,post_percomp,date.y,date
43146,FrScA-S216-02,FrScA,S216,02,4.2,3.6666666666666665,4,3.857142857142857,4,4,4,5,4,4,4,4,3,4,2016-02-02T18:44:00Z,NA,NA,NA,NA,NA,NA
44638,OcnA-S116-01,OcnA,S116,01,4,3,3,3.5714285714285716,4,2,2,4,4,4,4,4,3,4,2015-09-09T13:41:00Z,NA,NA,NA,NA,NA,NA
47448,FrScA-S216-01,FrScA,S216,01,4.2,3,3,3.7142857142857144,5,3,3,4,4,3,3,4,3,4,2016-01-28T14:01:00Z,NA,NA,NA,NA,NA,NA
47979,OcnA-S216-01,OcnA,S216,01,4,3.6666666666666665,2.5,3.857142857142857,4,3,2,4,4,4,3,4,4,4,2016-01-27T13:04:00Z,NA,NA,NA,NA,NA,NA
48797,PhysA-S116-01,PhysA,S116,01,3.8,3.6666666666666665,3.5,3.7142857142857144,4,4,3,4,4,4,4,4,3,3,2015-09-14T16:01:00Z,NA,NA,NA,NA,NA,NA
51943,FrScA-S216-03,FrScA,S216,03,3.8,3.6666666666666665,3.5,3.7142857142857144,4,4,3,4,3,3,4,4,4,4,2016-02-17T19:30:00Z,NA,NA,NA,NA,NA,NA
52326,AnPhA-S216-01,AnPhA,S216,01,3.6,4,3,4,4,4,4,2,4,4,2,4,4,4,2016-02-09T16:43:00Z,NA,NA,NA,NA,NA,NA
52446,PhysA-S116-01,PhysA,S116,01,4.2,3.6666666666666665,3,4,4,4,3,4,4,4,3,5,3,4,2015-09-19T21:36:00Z,3.5,3.6666666666666665,3.5714285714285716,3.5,2016-01-02T00:41:00Z,NA
53447,FrScA-S116-01,FrScA,S116,01,3.8,2,3,3,5,2,3,4,4,2,3,4,2,2,2015-09-22T18:06:00Z,3.75,2,3,3,2015-10-13T14:11:00Z,NA
53475,FrScA-S216-01,FrScA,S216,01,4.8,3.3333333333333335,4,4.142857142857143,5,4,4,5,5,3,4,5,3,4,2016-02-02T15:14:00Z,NA,NA,NA,NA,NA,NA
54066,OcnA-S116-01,OcnA,S116,01,4.6,4.666666666666667,4,4.714285714285714,4,5,4,4,5,5,4,5,4,5,2015-09-09T14:10:00Z,5,4.666666666666667,4.857142857142857,4,2015-09-14T14:18:00Z,NA
54282,OcnA-S116-02,OcnA,S116,02,3.4,2,3.5,2.7142857142857144,3,1,3,4,4,3,4,3,2,3,2015-09-10T11:54:00Z,NA,NA,NA,NA,NA,NA
54342,OcnA-S116-02,OcnA,S116,02,4,3,3.5,3.5714285714285716,4,3,3,4,4,3,4,4,3,4,2015-09-09T13:16:00Z,NA,NA,NA,NA,NA,NA
54346,OcnA-S116-01,OcnA,S116,01,4.4,2,3,3.2857142857142856,4,2,2,5,5,3,4,5,1,3,2015-09-09T14:41:00Z,4,2.6666666666666665,3.4285714285714284,3.5,2016-01-06T00:01:00Z,NA
54434,PhysA-S116-01,PhysA,S116,01,5,5,4,5,5,5,4,5,5,5,4,5,5,5,2015-09-11T12:28:00Z,3.75,4,3.857142857142857,4,2016-01-03T23:02:00Z,NA
54567,OcnA-S216-02,OcnA,S216,02,4,3.6666666666666665,3.5,3.857142857142857,4,4,3,4,4,4,4,4,3,4,2016-01-25T16:15:00Z,NA,NA,NA,NA,NA,NA
55078,FrScA-S216-01,FrScA,S216,01,4.4,3.6666666666666665,3,4.142857142857143,4,4,3,4,4,4,3,5,3,5,2016-01-27T18:24:00Z,NA,NA,NA,NA,NA,NA
55140,PhysA-S116-01,PhysA,S116,01,5,4,4.5,4.571428571428571,5,4,4,5,5,4,5,5,4,5,2015-10-05T15:13:00Z,4.75,3.6666666666666665,4.285714285714286,3.5,2015-09-14T14:45:00Z,NA
55283,FrScA-S116-01,FrScA,S116,01,5,3.6666666666666665,4,4.428571428571429,5,3,4,5,5,5,4,5,3,5,2015-09-22T17:49:00Z,NA,NA,NA,NA,NA,NA
56152,AnPhA-S116-02,AnPhA,S116,02,4.8,4.333333333333333,4,4.714285714285714,5,5,3,4,5,5,5,5,3,5,2015-10-08T19:42:00Z,NA,NA,NA,NA,NA,NA
57188,AnPhA-S116-02,AnPhA,S116,02,4,5,3.5,4.285714285714286,4,5,3,5,4,5,4,4,5,3,2015-09-09T16:25:00Z,NA,NA,NA,NA,NA,NA
57224,FrScA-S116-03,FrScA,S116,03,4.4,3,3.5,3.857142857142857,4,3,3,4,4,4,4,5,2,5,2015-09-09T17:34:00Z,2.25,1.6666666666666667,2,4,2016-01-14T21:55:00Z,NA
57489,PhysA-S116-01,PhysA,S116,01,4.6,3.6666666666666665,4.5,4.142857142857143,5,4,5,5,4,4,4,4,3,5,2015-09-28T14:22:00Z,4.25,4,4.142857142857143,4.5,2016-01-12T15:11:00Z,NA
57981,OcnA-S116-01,OcnA,S116,01,4.2,3.3333333333333335,2.5,3.857142857142857,4,2,2,4,4,4,3,4,4,5,2015-09-10T17:26:00Z,4,4.333333333333333,4.142857142857143,4,2015-11-17T15:38:00Z,NA
58168,AnPhA-S216-01,AnPhA,S216,01,4.2,4.666666666666667,3.5,4.285714285714286,4,5,3,5,4,5,4,4,4,4,2016-01-26T02:44:00Z,NA,NA,NA,NA,NA,NA
58178,OcnA-S116-01,OcnA,S116,01,4,4,4.5,4,4,4,4,4,5,5,5,4,3,3,2015-09-09T16:49:00Z,3.75,4,3.857142857142857,4,2015-09-18T16:26:00Z,NA
60186,AnPhA-S116-01,AnPhA,S116,01,4.2,4.333333333333333,4.5,4.142857142857143,4,4,4,5,4,5,5,4,4,4,2015-09-17T16:41:00Z,NA,NA,NA,NA,NA,NA
61357,FrScA-S116-02,FrScA,S116,02,5,4.666666666666667,4.5,4.857142857142857,5,5,4,5,5,5,5,5,4,5,2015-09-09T18:32:00Z,NA,NA,NA,NA,NA,NA
61941,FrScA-S116-01,FrScA,S116,01,4.6,4.333333333333333,4,4.571428571428571,5,4,4,4,4,4,4,5,5,5,2015-09-14T18:22:00Z,4.5,4.333333333333333,4.428571428571429,4,2016-01-19T01:59:00Z,NA
61965,BioA-S116-01,BioA,S116,01,3.6,4,3,3.7142857142857144,3,4,3,4,4,5,3,4,3,3,2015-09-10T13:22:00Z,4.25,4.333333333333333,4.285714285714286,3.5,2016-01-20T21:06:00Z,NA
62157,FrScA-S116-02,FrScA,S116,02,5,4,5,4.571428571428571,5,4,5,5,5,5,5,5,3,5,2015-09-09T15:23:00Z,5,4,4.571428571428571,5,2015-09-09T15:21:00Z,NA
62175,OcnA-S216-01,OcnA,S216,01,3.2,2,2.5,2.7142857142857144,3,2,2,3,4,2,3,4,2,2,2016-02-07T22:57:00Z,NA,NA,NA,NA,NA,NA
62576,PhysA-S116-01,PhysA,S116,01,4,4.333333333333333,4,4.142857142857143,4,4,4,4,4,5,4,4,4,4,2015-09-10T13:57:00Z,4,4.333333333333333,4.142857142857143,4,2016-01-19T02:23:00Z,NA
62752,PhysA-S116-01,PhysA,S116,01,4.2,4.333333333333333,4,4.285714285714286,4,4,4,4,5,5,4,4,4,4,2015-09-09T13:21:00Z,4.5,4.666666666666667,4.571428571428571,4,2016-01-20T14:33:00Z,NA
62754,PhysA-S116-01,PhysA,S116,01,4,4,4,4,4,4,4,4,4,4,4,4,4,4,2015-09-09T13:20:00Z,4,3.6666666666666665,3.857142857142857,3.5,2016-01-14T20:39:00Z,NA
64930,FrScA-T116-01,FrScA,T116,01,5,3.3333333333333335,3,4.285714285714286,5,3,3,5,5,4,3,5,3,5,2015-09-08T22:57:00Z,NA,NA,NA,NA,NA,NA
65116,FrScA-S216-01,FrScA,S216,01,4.8,3.6666666666666665,3.5,4.428571428571429,5,3,3,4,5,4,4,5,4,5,2016-01-25T17:42:00Z,NA,NA,NA,NA,NA,NA
65627,AnPhA-S116-02,AnPhA,S116,02,4,4,3.5,4,4,4,3,4,4,4,4,4,4,4,2015-09-21T14:14:00Z,NA,NA,NA,NA,NA,NA
66508,AnPhA-T116-01,AnPhA,T116,01,4,3.6666666666666665,3.5,3.857142857142857,4,4,3,4,4,5,4,4,2,4,2015-09-09T17:37:00Z,NA,NA,NA,NA,NA,NA
66689,FrScA-S216-01,FrScA,S216,01,4.4,3.3333333333333335,3.5,3.857142857142857,4,3,3,5,5,4,4,4,3,4,2016-01-25T14:04:00Z,NA,NA,NA,NA,NA,NA
66693,AnPhA-S116-01,AnPhA,S116,01,5,5,5,5,5,5,5,5,5,5,5,5,5,5,2015-09-10T17:43:00Z,NA,NA,NA,NA,NA,NA
66740,OcnA-S116-01,OcnA,S116,01,4,3,3,3.5714285714285716,4,3,3,4,4,3,3,4,3,4,2015-09-09T14:08:00Z,4,3.6666666666666665,3.857142857142857,3.5,2015-09-12T22:46:00Z,NA
66811,AnPhA-S116-01,AnPhA,S116,01,4,4,NA,4,4,4,4,4,4,4,NA,4,4,4,2015-09-10T18:16:00Z,NA,NA,NA,NA,NA,NA
67013,AnPhA-S216-01,AnPhA,S216,01,4.2,4,2.5,4.142857142857143,4,4,2,4,4,4,3,4,4,5,2016-01-25T17:01:00Z,NA,NA,NA,NA,NA,NA
67102,PhysA-S216-01,PhysA,S216,01,3.8,3.6666666666666665,5,3.5714285714285716,3,4,5,5,4,5,5,4,2,3,2016-01-28T19:01:00Z,NA,NA,NA,NA,NA,NA
67463,FrScA-S216-01,FrScA,S216,01,3.2,4,3,3.4285714285714284,3,4,3,4,3,4,3,3,4,3,2016-01-25T15:03:00Z,NA,NA,NA,NA,NA,NA
67762,FrScA-S116-02,FrScA,S116,02,5,4.666666666666667,3.5,4.857142857142857,5,4,4,5,5,5,3,5,5,5,2015-09-10T01:18:00Z,NA,NA,NA,NA,NA,NA
67920,OcnA-S116-01,OcnA,S116,01,4.8,4.333333333333333,4.5,4.571428571428571,4,4,4,5,5,4,5,5,5,5,2015-09-09T14:25:00Z,5,4.666666666666667,4.857142857142857,5,2015-09-16T01:16:00Z,NA
68022,OcnA-S216-01,OcnA,S216,01,4.8,4,3.5,4.428571428571429,5,4,3,5,5,4,4,4,4,5,2016-02-05T20:57:00Z,NA,NA,NA,NA,NA,NA
68188,FrScA-S116-01,FrScA,S116,01,5,2.6666666666666665,5,4,5,1,5,5,5,5,5,5,2,5,2015-09-14T12:24:00Z,NA,NA,NA,NA,NA,NA
68476,OcnA-S116-02,OcnA,S116,02,4,3.6666666666666665,4,3.857142857142857,4,3,4,4,4,4,4,4,4,4,2015-09-08T20:08:00Z,NA,NA,NA,NA,NA,NA
68598,BioA-S116-01,BioA,S116,01,4.2,3.3333333333333335,4,3.857142857142857,4,3,4,4,4,3,4,4,4,5,2015-09-09T15:58:00Z,NA,NA,NA,NA,NA,NA
68768,FrScA-S116-02,FrScA,S116,02,4.6,2.6666666666666665,4,3.7142857142857144,4,3,3,5,4,3,5,5,2,5,2015-09-11T14:19:00Z,NA,NA,NA,NA,NA,NA
68795,FrScA-S216-01,FrScA,S216,01,5,3.6666666666666665,4.5,4.428571428571429,5,2,4,5,5,4,5,5,5,5,2016-01-25T19:27:00Z,NA,NA,NA,NA,NA,NA
69072,FrScA-S116-01,FrScA,S116,01,4,2.6666666666666665,3.5,3.4285714285714284,4,3,3,4,4,3,4,4,2,4,2015-09-09T12:48:00Z,NA,NA,NA,NA,NA,NA
69182,FrScA-S216-01,FrScA,S216,01,3.8,3.3333333333333335,3,3.5714285714285716,4,3,2,4,4,4,4,4,3,3,2016-01-25T14:41:00Z,NA,NA,NA,NA,NA,NA
69397,FrScA-S216-01,FrScA,S216,01,4.4,3.6666666666666665,4,4,4,4,3,5,4,4,5,5,3,4,2016-01-25T17:43:00Z,NA,NA,NA,NA,NA,NA
69743,AnPhA-S216-01,AnPhA,S216,01,4.2,4.666666666666667,4,4.285714285714286,4,5,3,5,4,4,5,4,5,4,2016-01-25T14:19:00Z,NA,NA,NA,NA,NA,NA
69937,BioA-S116-01,BioA,S116,01,NA,3.6666666666666665,2,NA,4,4,2,3,3,4,2,4,3,NA,2015-09-17T15:15:00Z,NA,NA,NA,NA,NA,NA
70037,FrScA-S116-01,FrScA,S116,01,5,4.666666666666667,4,4.857142857142857,5,4,3,5,5,5,5,5,5,5,2015-09-14T16:55:00Z,NA,NA,NA,NA,NA,NA
70068,FrScA-S116-03,FrScA,S116,03,4.8,2.3333333333333335,3,3.7142857142857144,5,2,3,5,5,3,3,5,2,4,2015-09-10T17:08:00Z,NA,NA,NA,NA,NA,NA
70187,PhysA-S216-01,PhysA,S216,01,4.4,4,4.5,4.142857142857143,4,4,4,5,4,4,5,4,4,5,2016-01-30T18:29:00Z,NA,NA,NA,NA,NA,NA
70192,AnPhA-S116-02,AnPhA,S116,02,4.8,4.333333333333333,4,4.571428571428571,5,4,4,5,4,5,4,5,4,5,2015-10-05T16:19:00Z,NA,NA,NA,NA,NA,NA
70408,BioA-S116-01,BioA,S116,01,3.4,2.6666666666666665,2.5,3.142857142857143,4,3,2,3,4,3,3,3,2,3,2015-09-10T15:17:00Z,1.75,1.6666666666666667,1.7142857142857142,2,2016-01-15T16:03:00Z,NA
70532,AnPhA-S116-01,AnPhA,S116,01,4.6,4.666666666666667,4,4.571428571428571,5,5,4,5,5,5,4,4,4,4,2015-09-11T17:18:00Z,NA,NA,NA,NA,NA,NA
70681,BioA-S116-01,BioA,S116,01,4.8,4.333333333333333,3.5,4.571428571428571,5,4,4,5,4,5,3,5,4,5,2015-09-09T14:00:00Z,NA,NA,NA,NA,NA,NA
71110,FrScA-S216-01,FrScA,S216,01,5,4.666666666666667,4.5,4.857142857142857,5,5,4,5,5,5,5,5,4,5,2016-02-02T19:37:00Z,NA,NA,NA,NA,NA,NA
71415,FrScA-S216-01,FrScA,S216,01,4.8,3.6666666666666665,4.5,4.428571428571429,5,4,5,4,5,4,4,5,3,5,2016-01-25T14:05:00Z,NA,NA,NA,NA,NA,NA
71434,BioA-S116-01,BioA,S116,01,3.6,2.6666666666666665,3,3.142857142857143,3,3,3,4,4,3,3,4,2,3,2015-09-14T18:36:00Z,3,2.3333333333333335,2.7142857142857144,3.5,2016-01-04T19:20:00Z,NA
71725,AnPhA-S216-01,AnPhA,S216,01,4.8,4.333333333333333,4,4.571428571428571,5,3,3,5,4,5,5,5,5,5,2016-02-02T18:52:00Z,NA,NA,NA,NA,NA,NA
72287,FrScA-T116-01,FrScA,T116,01,4.4,3.3333333333333335,4,4,4,3,3,4,5,4,5,5,3,4,2015-09-09T14:36:00Z,NA,NA,NA,NA,NA,NA
73132,FrScA-S116-03,FrScA,S116,03,4.6,4.333333333333333,4.5,4.428571428571429,4,5,4,5,4,4,5,5,4,5,2015-09-10T13:43:00Z,NA,NA,NA,NA,NA,NA
74551,PhysA-S116-01,PhysA,S116,01,3.8,3.3333333333333335,3.5,3.5714285714285716,4,4,3,4,4,4,4,4,2,3,2015-10-03T21:58:00Z,NA,NA,NA,NA,NA,NA
74552,AnPhA-S216-02,AnPhA,S216,02,4,4.333333333333333,3.5,4.142857142857143,4,4,3,4,4,5,4,4,4,4,2016-02-01T22:10:00Z,NA,NA,NA,NA,NA,NA
76132,AnPhA-T116-01,AnPhA,T116,01,5,5,5,5,5,5,5,5,5,5,5,5,5,5,2015-09-09T17:55:00Z,NA,NA,NA,NA,NA,NA
76133,PhysA-S116-01,PhysA,S116,01,3.2,3,2.5,3.142857142857143,4,4,2,3,3,3,3,3,2,3,2015-10-01T02:12:00Z,1.5,2.3333333333333335,1.8571428571428572,1.5,2016-01-20T12:55:00Z,NA
76426,PhysA-S116-01,PhysA,S116,01,4.6,4.333333333333333,4.5,4.428571428571429,4,4,4,5,5,5,5,5,4,4,2015-09-09T17:21:00Z,5,4.333333333333333,4.714285714285714,4.5,2015-11-04T18:04:00Z,NA
76443,OcnA-S216-01,OcnA,S216,01,3.6,4,2.5,3.857142857142857,4,4,3,3,3,4,2,4,4,4,2016-02-14T20:52:00Z,NA,NA,NA,NA,NA,NA
76673,AnPhA-S216-01,AnPhA,S216,01,4,4,3.5,4,4,4,4,4,4,4,3,4,4,4,2016-01-25T15:23:00Z,NA,NA,NA,NA,NA,NA
76674,AnPhA-S216-01,AnPhA,S216,01,4.8,5,4,4.857142857142857,5,5,4,5,4,5,4,5,5,5,2016-01-25T14:11:00Z,NA,NA,NA,NA,NA,NA
76840,FrScA-S116-01,FrScA,S116,01,5,4.333333333333333,3.5,4.714285714285714,5,4,3,5,5,4,4,5,5,5,2015-09-09T15:43:00Z,5,4,4.571428571428571,3.5,2015-09-09T15:48:00Z,NA
76930,AnPhA-S116-02,AnPhA,S116,02,4.6,4,3.5,4.285714285714286,4,4,4,5,5,5,3,5,3,4,2015-09-15T18:07:00Z,NA,NA,NA,NA,NA,NA
76998,AnPhA-S216-01,AnPhA,S216,01,3.4,3.3333333333333335,4,3.5714285714285716,4,3,3,2,4,4,5,4,3,3,2016-01-27T19:05:00Z,NA,NA,NA,NA,NA,NA
77010,AnPhA-S116-01,AnPhA,S116,01,NA,3.6666666666666665,3.5,3.857142857142857,4,4,3,NA,4,4,4,4,3,4,2015-09-11T13:52:00Z,NA,NA,NA,NA,NA,NA
77067,FrScA-S216-02,FrScA,S216,02,3.6,3,4.5,3.2857142857142856,4,3,4,4,3,3,5,3,3,4,2016-01-30T18:37:00Z,NA,NA,NA,NA,NA,NA
77141,FrScA-S216-02,FrScA,S216,02,4.2,4,3.5,4.142857142857143,5,4,3,4,4,4,4,4,4,4,2016-02-08T20:36:00Z,NA,NA,NA,NA,NA,NA
77169,BioA-S116-01,BioA,S116,01,4,3.3333333333333335,3,3.7142857142857144,4,3,3,4,4,4,3,4,3,4,2015-09-14T23:54:00Z,NA,NA,NA,NA,NA,NA
77190,FrScA-S216-01,FrScA,S216,01,5,3.3333333333333335,4.5,4.285714285714286,5,2,4,5,5,4,5,5,4,5,2016-01-25T16:25:00Z,NA,NA,NA,NA,NA,NA
77246,FrScA-S116-01,FrScA,S116,01,4.6,4,4,4.285714285714286,5,3,4,5,4,5,4,4,4,5,2015-09-14T12:31:00Z,NA,NA,NA,NA,NA,NA
77298,FrScA-S116-02,FrScA,S116,02,4.6,2.6666666666666665,4,3.7142857142857144,4,2,4,5,5,4,4,5,2,4,2015-09-09T14:16:00Z,NA,NA,NA,NA,NA,NA
77976,FrScA-S116-03,FrScA,S116,03,3.4,2.6666666666666665,3,3.2857142857142856,4,3,2,2,4,3,4,4,2,3,2015-09-10T18:03:00Z,2.75,1.3333333333333333,2.142857142857143,2.5,2016-01-13T18:13:00Z,NA
77980,FrScA-S216-02,FrScA,S216,02,4.4,4.333333333333333,4,4.428571428571429,4,4,4,4,5,4,4,5,5,4,2016-01-25T21:05:00Z,NA,NA,NA,NA,NA,NA
78002,OcnA-S216-02,OcnA,S216,02,3.8,4,3,3.857142857142857,4,4,2,4,4,4,4,4,4,3,2016-02-04T13:05:00Z,NA,NA,NA,NA,NA,NA
78153,PhysA-S216-01,PhysA,S216,01,4.2,4.666666666666667,4.5,4.285714285714286,4,5,4,5,4,5,5,4,4,4,2016-01-27T00:26:00Z,NA,NA,NA,NA,NA,NA
78164,AnPhA-S216-01,AnPhA,S216,01,4.6,4,4,4.428571428571429,4,3,3,4,5,5,5,5,4,5,2016-02-01T15:43:00Z,NA,NA,NA,NA,NA,NA
78241,OcnA-S216-02,OcnA,S216,02,4.6,3.6666666666666665,3.5,4.142857142857143,4,4,3,5,5,4,4,4,3,5,2016-01-26T15:44:00Z,NA,NA,NA,NA,NA,NA
78691,FrScA-S116-03,FrScA,S116,03,4,2,3,3.142857142857143,4,1,3,4,4,3,3,4,2,4,2015-09-10T18:11:00Z,2.75,1.3333333333333333,2.142857142857143,5,2016-01-15T19:49:00Z,NA
79220,AnPhA-S116-02,AnPhA,S116,02,4,4,3,4,4,4,3,4,4,4,3,4,4,4,2015-09-27T19:41:00Z,NA,NA,NA,NA,NA,NA
79352,PhysA-S116-01,PhysA,S116,01,3.8,4,3.5,3.857142857142857,4,5,3,4,4,4,4,4,3,3,2015-10-26T18:12:00Z,NA,NA,NA,NA,NA,NA
79596,PhysA-S116-01,PhysA,S116,01,3,4,3.5,3.4285714285714284,4,5,3,3,3,5,4,3,2,2,2015-09-16T13:48:00Z,1.5,1.6666666666666667,1.5714285714285714,1.5,2016-01-18T03:14:00Z,NA
79859,AnPhA-T116-01,AnPhA,T116,01,5,4.666666666666667,4.5,4.857142857142857,5,4,4,5,5,5,5,5,5,5,2015-09-09T14:28:00Z,NA,NA,NA,NA,NA,NA
79893,OcnA-T116-01,OcnA,T116,01,4,4,3.5,4,4,4,4,4,4,4,3,4,4,4,2015-09-11T21:03:00Z,NA,NA,NA,NA,NA,NA
80623,AnPhA-S116-01,AnPhA,S116,01,1.8,1,3,1,1,1,1,5,1,1,5,1,1,1,2015-09-02T15:40:00Z,1,1,1,3,2015-09-02T15:31:00Z,NA
80822,OcnA-S216-01,OcnA,S216,01,5,5,5,5,5,5,5,5,5,5,5,5,5,5,2016-01-27T17:45:00Z,NA,NA,NA,NA,NA,NA
84632,PhysA-T116-01,PhysA,T116,01,4.4,4,3.5,4.142857142857143,4,4,3,5,5,5,4,4,3,4,2015-09-09T12:24:00Z,NA,NA,NA,NA,NA,NA
84640,AnPhA-T116-01,AnPhA,T116,01,5,5,4,5,5,5,5,5,5,5,3,5,5,5,2015-09-16T16:11:00Z,NA,NA,NA,NA,NA,NA
84641,AnPhA-T116-01,AnPhA,T116,01,4,4,3,4,4,4,3,4,4,4,3,4,4,4,2015-09-16T21:31:00Z,NA,NA,NA,NA,NA,NA
84645,OcnA-T116-01,OcnA,T116,01,3.8,4,3,4,5,4,2,3,3,4,4,4,4,4,2015-09-09T16:11:00Z,NA,NA,NA,NA,NA,NA
84684,OcnA-T116-01,OcnA,T116,01,5,4.333333333333333,4.5,4.714285714285714,5,4,4,5,5,5,5,5,4,5,2015-09-09T17:07:00Z,NA,NA,NA,NA,NA,NA
84685,OcnA-T116-01,OcnA,T116,01,4.6,3.6666666666666665,4,4.285714285714286,4,4,3,4,5,3,5,5,4,5,2015-09-11T17:40:00Z,NA,NA,NA,NA,NA,NA
84749,AnPhA-T116-01,AnPhA,T116,01,5,4,4,4.571428571428571,5,4,3,5,5,5,5,5,3,5,2015-09-20T15:42:00Z,NA,NA,NA,NA,NA,NA
84794,BioA-T116-01,BioA,T116,01,2.8,3.3333333333333335,4,3.142857142857143,3,3,3,2,3,3,5,3,4,3,2015-09-10T12:47:00Z,NA,NA,NA,NA,NA,NA
84932,OcnA-S216-01,OcnA,S216,01,5,4.666666666666667,4.5,4.857142857142857,5,4,4,5,5,5,5,5,5,5,2016-02-07T18:22:00Z,NA,NA,NA,NA,NA,NA
85123,FrScA-S216-01,FrScA,S216,01,4,4.333333333333333,4,4.142857142857143,4,4,3,4,4,5,5,4,4,4,2016-01-27T13:36:00Z,NA,NA,NA,NA,NA,NA
85248,AnPhA-S216-01,AnPhA,S216,01,4.2,4,3.5,4.142857142857143,4,4,3,4,4,4,4,5,4,4,2016-01-25T22:43:00Z,NA,NA,NA,NA,NA,NA
85249,AnPhA-S116-01,AnPhA,S116,01,4,4,4.5,4,4,4,4,4,4,4,5,4,4,4,2015-09-11T14:06:00Z,NA,NA,NA,NA,NA,NA
85258,FrScA-S216-01,FrScA,S216,01,4,3.6666666666666665,3,3.857142857142857,4,3,3,4,4,4,3,4,4,4,2016-01-27T12:53:00Z,NA,NA,NA,NA,NA,NA
85287,FrScA-S216-01,FrScA,S216,01,4.6,3.6666666666666665,4,4.285714285714286,4,3,4,4,5,4,4,5,4,5,2016-01-25T15:20:00Z,NA,NA,NA,NA,NA,NA
85292,BioA-S116-01,BioA,S116,01,2.4,3,3,2.7142857142857144,3,3,2,2,3,4,4,2,2,2,2015-09-13T02:43:00Z,3,3.6666666666666665,3.2857142857142856,2.5,2016-01-16T23:48:00Z,NA
85323,FrScA-S116-01,FrScA,S116,01,5,4.333333333333333,4,4.714285714285714,5,5,4,5,5,5,4,5,3,5,2015-09-10T20:22:00Z,NA,NA,NA,NA,NA,NA
85348,FrScA-S216-03,FrScA,S216,03,4.4,3,4,3.7142857142857144,4,2,3,5,4,4,5,5,3,4,2016-01-26T19:13:00Z,NA,NA,NA,NA,NA,NA
85390,PhysA-S116-01,PhysA,S116,01,3.6,4.333333333333333,3.5,3.857142857142857,3,5,3,4,4,4,4,4,4,3,2015-09-09T18:11:00Z,NA,NA,NA,NA,NA,NA
85410,OcnA-S116-02,OcnA,S116,02,5,5,5,5,5,5,5,5,5,5,5,5,5,5,2015-09-09T11:49:00Z,NA,NA,NA,NA,NA,NA
85411,AnPhA-S116-01,AnPhA,S116,01,4.4,4,3.5,4.142857142857143,4,4,4,5,5,4,3,4,4,4,2015-09-10T12:08:00Z,NA,NA,NA,NA,NA,NA
85416,FrScA-S116-01,FrScA,S116,01,4.8,3.3333333333333335,4,4.142857142857143,5,3,4,5,5,4,4,5,3,4,2015-09-09T21:46:00Z,5,4.666666666666667,4.857142857142857,4,2016-01-04T13:25:00Z,NA
85431,FrScA-S116-01,FrScA,S116,01,4,3.3333333333333335,2.5,3.7142857142857144,4,3,3,4,4,4,2,4,3,4,2015-09-14T12:32:00Z,NA,NA,NA,NA,NA,NA
85432,FrScA-S116-01,FrScA,S116,01,4.6,3,4,3.857142857142857,4,2,3,5,5,4,5,4,3,5,2015-09-21T12:12:00Z,5,4,4.571428571428571,4.5,2016-01-04T15:21:00Z,NA
85433,FrScA-S116-01,FrScA,S116,01,4.4,3.3333333333333335,4,3.857142857142857,5,3,3,5,4,4,5,4,3,4,2015-09-18T12:41:00Z,2.5,2.6666666666666665,2.5714285714285716,2.5,2016-01-10T19:16:00Z,NA
85443,FrScA-S116-01,FrScA,S116,01,4.8,3.3333333333333335,3.5,4.142857142857143,4,3,4,5,5,4,3,5,3,5,2015-09-14T15:12:00Z,NA,NA,NA,NA,NA,NA
85487,OcnA-S116-02,OcnA,S116,02,3.4,4.333333333333333,3,3.7142857142857144,3,5,2,4,4,5,4,4,3,2,2015-09-28T17:46:00Z,NA,NA,NA,NA,NA,NA
85522,PhysA-S116-01,PhysA,S116,01,3.4,3.6666666666666665,3,3.5714285714285716,4,4,2,3,4,3,4,4,4,2,2015-10-19T22:13:00Z,NA,NA,NA,NA,NA,NA
85539,FrScA-S116-01,FrScA,S116,01,3.8,4,3.5,3.857142857142857,4,4,3,4,4,4,4,4,4,3,2015-09-19T00:13:00Z,3.25,3.3333333333333335,3.2857142857142856,3,2016-01-18T19:21:00Z,NA
85567,FrScA-S116-02,FrScA,S116,02,4.6,3.3333333333333335,4,4,4,3,3,5,5,4,5,5,3,4,2015-09-09T14:46:00Z,NA,NA,NA,NA,NA,NA
85573,FrScA-S116-03,FrScA,S116,03,4,NA,4.5,NA,5,3,4,4,4,3,5,4,NA,3,2015-09-11T16:08:00Z,3.75,3,3.4285714285714284,3.5,2016-01-20T14:32:00Z,NA
85574,FrScA-S116-03,FrScA,S116,03,5,4,4.5,4.571428571428571,5,4,4,5,5,4,5,5,4,5,2015-09-10T17:12:00Z,NA,NA,NA,NA,NA,NA
85583,AnPhA-S116-01,AnPhA,S116,01,5,5,3.5,5,5,5,5,5,5,5,2,5,5,5,2015-09-17T14:11:00Z,NA,NA,NA,NA,NA,NA
85642,FrScA-S216-01,FrScA,S216,01,3.2,3.3333333333333335,2.5,3.2857142857142856,2,2,2,3,4,4,3,3,4,4,2016-01-25T20:37:00Z,NA,NA,NA,NA,NA,NA
85644,FrScA-S216-01,FrScA,S216,01,5,3.3333333333333335,4,4.285714285714286,5,3,4,5,5,3,4,5,4,5,2016-01-26T02:15:00Z,4.5,3,3.857142857142857,3.5,2016-01-05T15:53:00Z,NA
85649,FrScA-S116-01,FrScA,S116,01,4,3,3,3.5714285714285716,4,3,2,4,4,3,4,4,3,4,2015-09-08T17:29:00Z,NA,NA,NA,NA,NA,NA
85650,FrScA-S116-01,FrScA,S116,01,4.2,3,3.5,3.5714285714285716,4,3,3,5,4,3,4,4,3,4,2015-09-11T13:36:00Z,NA,NA,NA,NA,NA,NA
85651,FrScA-S116-01,FrScA,S116,01,3.2,3,3,3.142857142857143,5,3,2,3,3,3,4,3,3,2,2015-10-08T16:42:00Z,NA,NA,NA,NA,NA,NA
85659,FrScA-S216-01,FrScA,S216,01,3.8,3.3333333333333335,2.5,3.5714285714285716,4,3,2,4,4,4,3,4,3,3,2016-01-25T17:37:00Z,NA,NA,NA,NA,NA,NA
85661,FrScA-S116-02,FrScA,S116,02,4.4,3,3,3.857142857142857,4,3,2,4,5,3,4,4,3,5,2015-09-09T16:49:00Z,NA,NA,NA,NA,NA,NA
85662,FrScA-S116-01,FrScA,S116,01,3.8,3.6666666666666665,4.5,3.7142857142857144,4,4,5,4,4,4,4,4,3,3,2015-09-14T21:55:00Z,NA,NA,NA,NA,NA,NA
85663,FrScA-S116-01,FrScA,S116,01,4.6,2.6666666666666665,4,3.7142857142857144,4,2,3,5,4,3,5,5,3,5,2015-09-11T12:39:00Z,NA,NA,NA,NA,NA,NA
85665,FrScA-S116-01,FrScA,S116,01,5,4.333333333333333,4.5,4.714285714285714,5,4,4,5,5,4,5,5,5,5,2015-09-10T22:58:00Z,5,5,5,5,2016-01-03T19:16:00Z,NA
85668,FrScA-S116-01,FrScA,S116,01,3.6,2.6666666666666665,3,3.2857142857142856,3,2,3,3,4,4,3,4,2,4,2015-09-14T14:18:00Z,NA,NA,NA,NA,NA,NA
85698,FrScA-S116-02,FrScA,S116,02,5,4.333333333333333,4,4.714285714285714,5,4,3,5,5,4,5,5,5,5,2015-09-10T12:02:00Z,NA,NA,NA,NA,NA,NA
85700,FrScA-S116-03,FrScA,S116,03,3.8,3.6666666666666665,3.5,3.7142857142857144,4,3,3,4,4,4,4,4,4,3,2015-09-10T14:44:00Z,NA,NA,NA,NA,NA,NA
85701,FrScA-S116-03,FrScA,S116,03,4,4,3.5,4,4,4,3,4,3,4,4,4,4,5,2015-09-30T13:26:00Z,4.5,4,4.285714285714286,4,2016-01-20T01:41:00Z,NA
85702,FrScA-S116-03,FrScA,S116,03,5,4.333333333333333,3.5,4.714285714285714,5,4,3,5,5,5,4,5,4,5,2015-09-16T16:14:00Z,5,4.333333333333333,4.714285714285714,4.5,2016-01-22T13:22:00Z,NA
85704,FrScA-S116-03,FrScA,S116,03,5,3.6666666666666665,3.5,4.428571428571429,5,4,4,5,5,5,3,5,2,5,2015-09-14T03:59:00Z,NA,NA,NA,NA,NA,NA
85791,FrScA-S116-01,FrScA,S116,01,4.4,4,3.5,4.285714285714286,4,4,4,4,5,4,3,4,4,5,2015-09-08T13:10:00Z,NA,NA,NA,NA,NA,NA
85796,FrScA-S216-01,FrScA,S216,01,4,3,2.5,3.5714285714285716,4,3,2,4,4,3,3,4,3,4,2016-01-25T19:04:00Z,NA,NA,NA,NA,NA,NA
85866,AnPhA-S116-01,AnPhA,S116,01,5,4.666666666666667,4,4.857142857142857,5,5,4,5,5,5,4,5,4,5,2015-09-17T12:57:00Z,NA,NA,NA,NA,NA,NA
85867,FrScA-S216-04,FrScA,S216,04,5,3.6666666666666665,4,4.428571428571429,5,3,3,5,5,5,5,5,3,5,2016-02-19T01:18:00Z,NA,NA,NA,NA,NA,NA
85889,BioA-S116-01,BioA,S116,01,3.6,3.6666666666666665,4.5,3.5714285714285716,4,4,4,4,4,4,5,4,3,2,2015-09-14T15:22:00Z,NA,NA,NA,NA,NA,NA
85891,FrScA-S116-03,FrScA,S116,03,5,4.333333333333333,4,4.714285714285714,5,5,3,5,5,4,5,5,4,5,2015-09-10T13:12:00Z,NA,NA,NA,NA,NA,NA
85929,FrScA-S116-01,FrScA,S116,01,4,4,3.5,4,4,4,3,4,4,4,4,4,4,4,2015-09-10T22:40:00Z,4,4,4,3,2016-01-07T19:29:00Z,NA
85930,FrScA-S116-01,FrScA,S116,01,4.2,2,3,3.142857142857143,4,2,3,5,4,2,3,4,2,4,2015-09-21T18:37:00Z,NA,NA,NA,NA,NA,NA
85953,PhysA-S116-01,PhysA,S116,01,4.2,4.333333333333333,5,4.285714285714286,5,5,5,4,4,4,5,4,4,4,2015-09-10T23:10:00Z,NA,NA,NA,NA,NA,NA
85962,PhysA-S116-01,PhysA,S116,01,3.8,3,2,3.4285714285714284,4,3,2,4,4,3,2,4,3,3,2015-09-11T02:04:00Z,NA,NA,NA,NA,NA,NA
85970,AnPhA-S116-01,AnPhA,S116,01,4.2,4,3.5,4.142857142857143,5,5,3,4,4,4,4,4,3,4,2015-09-22T17:32:00Z,NA,NA,NA,NA,NA,NA
86002,FrScA-S216-04,FrScA,S216,04,4.4,4,3.5,4.142857142857143,4,4,3,5,4,4,4,4,4,5,2016-02-04T19:20:00Z,NA,NA,NA,NA,NA,NA
86067,BioA-S116-01,BioA,S116,01,3.6,2.6666666666666665,3,3.4285714285714284,4,3,2,2,4,3,4,4,2,4,2015-09-14T13:00:00Z,NA,NA,NA,NA,NA,NA
86072,AnPhA-S116-01,AnPhA,S116,01,4.8,4.666666666666667,3.5,4.714285714285714,5,4,3,5,5,5,4,5,5,4,2015-09-11T12:03:00Z,NA,NA,NA,NA,NA,NA
86105,FrScA-S116-01,FrScA,S116,01,3.2,3,4,3.2857142857142856,4,3,3,2,3,4,5,4,2,3,2015-12-11T15:59:00Z,NA,NA,NA,NA,NA,NA
86110,BioA-S116-01,BioA,S116,01,3.8,3,3,3.4285714285714284,4,3,3,4,4,3,3,4,3,3,2015-09-09T14:12:00Z,NA,NA,NA,NA,NA,NA
86113,BioA-S116-01,BioA,S116,01,3.8,3,4,3.4285714285714284,4,3,4,4,4,3,4,4,3,3,2015-09-09T16:51:00Z,2.75,3,2.857142857142857,3.5,2016-01-12T00:39:00Z,NA
86119,AnPhA-S116-01,AnPhA,S116,01,4,4.666666666666667,4.5,4.571428571428571,5,5,4,2,4,5,5,5,4,4,2015-11-12T19:35:00Z,NA,NA,NA,NA,NA,NA
86130,BioA-S116-01,BioA,S116,01,3.8,3.6666666666666665,3,3.7142857142857144,4,4,3,4,4,4,3,4,3,3,2015-10-12T13:39:00Z,NA,NA,NA,NA,NA,NA
86133,OcnA-S116-02,OcnA,S116,02,4.4,4,3.5,4.285714285714286,4,4,3,4,5,4,4,4,4,5,2015-09-09T13:05:00Z,NA,NA,NA,NA,NA,NA
86202,BioA-S116-01,BioA,S116,01,3,3,3,3,3,3,3,3,3,3,3,3,3,3,2015-10-01T14:06:00Z,NA,NA,NA,NA,NA,NA
86216,BioA-S116-01,BioA,S116,01,3.8,3.3333333333333335,3.5,3.5714285714285716,4,3,3,4,4,4,4,4,3,3,2015-09-08T19:52:00Z,3.75,3.6666666666666665,3.7142857142857144,3.5,2016-01-18T18:55:00Z,NA
86229,FrScA-S216-01,FrScA,S216,01,5,3.3333333333333335,4.5,4.285714285714286,5,3,4,5,5,3,5,5,4,5,2016-01-26T15:03:00Z,NA,NA,NA,NA,NA,NA
86240,OcnA-S216-01,OcnA,S216,01,4,3.6666666666666665,3.5,3.857142857142857,4,4,3,4,4,4,4,4,3,4,2016-01-28T14:35:00Z,NA,NA,NA,NA,NA,NA
86251,FrScA-S216-01,FrScA,S216,01,4.4,2.6666666666666665,3,3.5714285714285716,5,3,2,5,4,3,4,4,2,4,2016-02-02T13:14:00Z,NA,NA,NA,NA,NA,NA
86267,AnPhA-S116-01,AnPhA,S116,01,5,5,4.5,5,5,5,4,5,5,5,5,5,5,5,2015-09-14T01:18:00Z,NA,NA,NA,NA,NA,NA
86268,AnPhA-S216-01,AnPhA,S216,01,5,5,4,5,5,5,4,5,5,5,4,5,5,5,2016-01-25T21:09:00Z,NA,NA,NA,NA,NA,NA
86271,FrScA-S116-01,FrScA,S116,01,4.2,4,3.5,4.142857142857143,4,4,3,4,5,5,4,4,3,4,2015-09-14T14:27:00Z,4,3.6666666666666665,3.857142857142857,3,2015-12-14T20:06:00Z,NA
86275,AnPhA-S116-01,AnPhA,S116,01,4.4,4,3,4.285714285714286,4,4,3,4,4,5,3,5,3,5,2015-09-17T14:19:00Z,NA,NA,NA,NA,NA,NA
86277,AnPhA-S116-01,AnPhA,S116,01,4.2,4,4,4,4,5,5,5,4,4,3,4,3,4,2015-09-20T23:53:00Z,NA,NA,NA,NA,NA,NA
86280,FrScA-S116-01,FrScA,S116,01,5,5,4,5,5,5,3,5,5,5,5,5,5,5,2015-09-09T11:49:00Z,NA,NA,NA,NA,NA,NA
86286,AnPhA-S116-01,AnPhA,S116,01,4.2,3.6666666666666665,2.5,4,4,4,3,4,4,4,2,4,3,5,2015-09-22T14:50:00Z,NA,NA,NA,NA,NA,NA
86294,AnPhA-S116-01,AnPhA,S116,01,4,4.333333333333333,3.5,4.142857142857143,4,4,3,4,4,4,4,4,5,4,2015-09-17T12:50:00Z,NA,NA,NA,NA,NA,NA
86296,OcnA-S216-01,OcnA,S216,01,3.6,3,3,3.2857142857142856,4,3,2,4,4,3,4,4,3,2,2016-01-25T14:09:00Z,NA,NA,NA,NA,NA,NA
86309,FrScA-S116-03,FrScA,S116,03,4.8,3.3333333333333335,4.5,4.142857142857143,5,3,5,5,4,4,4,5,3,5,2015-09-09T13:06:00Z,4,2.6666666666666665,3.4285714285714284,3.5,2016-01-12T14:37:00Z,NA
86314,AnPhA-S116-02,AnPhA,S116,02,4.2,5,4.5,4.428571428571429,4,5,4,5,4,5,5,4,5,4,2015-10-07T16:43:00Z,NA,NA,NA,NA,NA,NA
86339,FrScA-S116-01,FrScA,S116,01,4.2,3.6666666666666665,3.5,3.857142857142857,4,4,3,5,4,4,4,4,3,4,2015-09-16T12:59:00Z,NA,NA,NA,NA,NA,NA
86340,FrScA-S116-01,FrScA,S116,01,4.4,3.3333333333333335,4,3.857142857142857,4,4,4,5,4,3,4,4,3,5,2015-09-14T14:19:00Z,NA,NA,NA,NA,NA,NA
86349,FrScA-S216-01,FrScA,S216,01,5,5,4.5,5,5,5,5,5,5,5,4,5,5,5,2016-01-26T13:30:00Z,4.25,4,4.142857142857143,3.5,2015-09-14T12:32:00Z,NA
86353,PhysA-S116-01,PhysA,S116,01,4.8,5,3,4.857142857142857,5,5,3,5,5,5,3,5,5,4,2015-09-09T17:38:00Z,3,3.3333333333333335,3.142857142857143,3,2016-01-06T13:31:00Z,NA
86364,FrScA-S116-01,FrScA,S116,01,4.8,3.6666666666666665,4,4.285714285714286,4,3,3,5,5,5,5,5,3,5,2015-09-09T13:22:00Z,3.75,3.6666666666666665,3.7142857142857144,3,2015-11-12T14:31:00Z,NA
86365,FrScA-S116-01,FrScA,S116,01,4.4,4,4,4.142857142857143,4,4,4,5,4,4,4,4,4,5,2015-09-14T15:09:00Z,NA,NA,NA,NA,NA,NA
86432,AnPhA-S116-01,AnPhA,S116,01,3.8,4,3,3.857142857142857,4,4,3,4,4,4,3,4,4,3,2015-09-10T14:47:00Z,NA,NA,NA,NA,NA,NA
86446,AnPhA-S116-01,AnPhA,S116,01,4,3.6666666666666665,3,3.857142857142857,4,4,3,4,4,4,3,4,3,4,2015-09-10T16:41:00Z,NA,NA,NA,NA,NA,NA
86451,AnPhA-S116-01,AnPhA,S116,01,4.4,4.333333333333333,4,4.285714285714286,4,4,4,5,4,5,4,5,4,4,2015-09-11T17:11:00Z,NA,NA,NA,NA,NA,NA
86455,FrScA-S116-01,FrScA,S116,01,5,2.6666666666666665,3,4,5,2,3,5,5,4,3,5,2,5,2015-10-01T17:49:00Z,NA,NA,NA,NA,NA,NA
86460,OcnA-S116-01,OcnA,S116,01,4.2,3.6666666666666665,3.5,4,5,3,4,4,4,4,3,4,4,4,2015-09-09T17:42:00Z,4.5,5,4.714285714285714,2,2015-12-10T19:07:00Z,NA
86476,FrScA-S116-01,FrScA,S116,01,4,2.6666666666666665,4,3.4285714285714284,4,3,4,4,4,3,4,4,2,4,2015-09-14T14:51:00Z,NA,NA,NA,NA,NA,NA
86479,AnPhA-S116-01,AnPhA,S116,01,5,5,NA,5,5,5,NA,5,5,5,4,5,5,5,2015-09-11T02:08:00Z,NA,NA,NA,NA,NA,NA
86484,AnPhA-S116-01,AnPhA,S116,01,4.2,4.666666666666667,4.5,4.428571428571429,5,5,4,4,4,5,5,4,4,4,2015-09-11T15:35:00Z,NA,NA,NA,NA,NA,NA
86488,AnPhA-S116-01,AnPhA,S116,01,4.2,3.6666666666666665,4,3.857142857142857,4,4,4,5,4,4,4,4,3,4,2015-09-17T12:58:00Z,NA,NA,NA,NA,NA,NA
86490,FrScA-S216-01,FrScA,S216,01,4.4,4.333333333333333,3.5,4.285714285714286,5,4,3,5,4,5,4,4,4,4,2016-01-25T15:23:00Z,NA,NA,NA,NA,NA,NA
86492,AnPhA-S116-01,AnPhA,S116,01,4,4,3.5,4,4,4,3,4,4,4,4,4,4,4,2015-09-17T15:38:00Z,NA,NA,NA,NA,NA,NA
86504,AnPhA-S116-01,AnPhA,S116,01,1.8,2.3333333333333335,2.5,2.142857142857143,2,2,3,1,2,2,2,2,3,2,2015-09-11T11:37:00Z,NA,NA,NA,NA,NA,NA
86515,FrScA-S216-01,FrScA,S216,01,5,4,4,4.571428571428571,5,4,3,5,5,5,5,5,3,5,2016-01-25T18:36:00Z,NA,NA,NA,NA,NA,NA
86527,OcnA-S216-01,OcnA,S216,01,4.4,4,3,4.285714285714286,4,4,3,4,4,4,3,5,4,5,2016-01-27T14:23:00Z,NA,NA,NA,NA,NA,NA
86580,BioA-S116-01,BioA,S116,01,3.8,3.3333333333333335,2.5,3.5714285714285716,4,3,2,4,4,4,3,4,3,3,2015-09-09T17:10:00Z,NA,NA,NA,NA,NA,NA
86588,AnPhA-S116-01,AnPhA,S116,01,5,4.666666666666667,5,4.857142857142857,5,5,5,5,5,5,5,5,4,5,2015-09-14T11:53:00Z,NA,NA,NA,NA,NA,NA
86608,AnPhA-S116-01,AnPhA,S116,01,4,4,3.5,4,4,4,3,4,4,4,4,4,4,4,2015-09-11T11:36:00Z,NA,NA,NA,NA,NA,NA
86618,FrScA-S116-03,FrScA,S116,03,5,5,4.5,5,5,5,4,5,5,5,5,5,5,5,2015-09-14T18:47:00Z,5,5,5,5,2015-09-11T18:28:00Z,NA
86627,FrScA-S116-02,FrScA,S116,02,4.2,4.666666666666667,4,4.428571428571429,5,5,4,4,5,5,4,4,4,3,2015-09-10T17:20:00Z,NA,NA,NA,NA,NA,NA
86679,FrScA-S116-01,FrScA,S116,01,NA,3,4,NA,4,3,3,4,NA,3,5,4,3,4,2015-09-15T00:59:00Z,NA,NA,NA,NA,NA,NA
86689,OcnA-S116-02,OcnA,S116,02,5,4,3,4.571428571428571,5,4,3,5,5,4,3,5,4,5,2015-09-09T17:09:00Z,NA,NA,NA,NA,NA,NA
86697,OcnA-S216-02,OcnA,S216,02,4.6,4,4,4.285714285714286,5,4,4,5,4,4,4,4,4,5,2016-02-01T13:55:00Z,NA,NA,NA,NA,NA,NA
86707,AnPhA-S116-02,AnPhA,S116,02,4.4,4.666666666666667,3.5,4.428571428571429,4,5,3,5,4,5,4,4,4,5,2015-09-10T15:02:00Z,NA,NA,NA,NA,NA,NA
86709,FrScA-S116-01,FrScA,S116,01,4.4,3,3.5,3.7142857142857144,5,3,4,5,4,3,3,4,3,4,2015-09-22T14:57:00Z,NA,NA,NA,NA,NA,NA
86758,OcnA-S116-01,OcnA,S116,01,4.6,3,3.5,3.857142857142857,4,3,4,5,5,3,3,5,3,4,2015-09-09T15:00:00Z,4.75,4.666666666666667,4.714285714285714,4,2015-09-17T15:51:00Z,NA
86792,FrScA-S116-01,FrScA,S116,01,4.6,4,4,4.285714285714286,5,4,3,5,4,4,5,5,4,4,2015-09-14T12:12:00Z,2.25,2,2.142857142857143,2.5,2016-01-22T00:59:00Z,NA
86793,FrScA-S116-01,FrScA,S116,01,4.8,4,4.5,4.428571428571429,5,4,4,5,5,4,5,5,4,4,2015-09-09T16:53:00Z,4,3,3.5714285714285716,4,2016-01-04T12:55:00Z,NA
86803,FrScA-S116-01,FrScA,S116,01,4.8,4.333333333333333,4.5,4.571428571428571,5,4,4,5,5,5,5,5,4,4,2015-09-14T13:28:00Z,NA,NA,NA,NA,NA,NA
86815,FrScA-S116-01,FrScA,S116,01,4.8,3.3333333333333335,3.5,4.142857142857143,5,3,3,5,5,4,4,4,3,5,2015-09-11T15:45:00Z,4,4,4,4,2015-10-27T15:51:00Z,NA
86836,FrScA-S216-01,FrScA,S216,01,4,3,3,3.5714285714285716,4,3,3,4,4,3,3,4,3,4,2016-01-25T16:53:00Z,NA,NA,NA,NA,NA,NA
86882,FrScA-S116-03,FrScA,S116,03,5,3.6666666666666665,4.5,4.428571428571429,5,4,4,5,5,4,5,5,3,5,2015-09-16T17:50:00Z,NA,NA,NA,NA,NA,NA
86942,AnPhA-S216-01,AnPhA,S216,01,5,4.666666666666667,5,4.857142857142857,5,4,5,5,5,5,5,5,5,5,2016-01-25T17:08:00Z,NA,NA,NA,NA,NA,NA
86943,OcnA-S116-01,OcnA,S116,01,4.4,3.6666666666666665,4,4,5,4,4,5,4,4,4,4,3,4,2015-09-12T22:53:00Z,4.25,4,4.142857142857143,4,2015-09-12T22:57:00Z,NA
87001,OcnA-S116-02,OcnA,S116,02,4.2,3.6666666666666665,4.5,4,4,4,5,4,4,4,4,4,3,5,2015-09-09T14:40:00Z,NA,NA,NA,NA,NA,NA
87010,FrScA-S116-01,FrScA,S116,01,3.8,3.6666666666666665,3,3.857142857142857,4,3,3,3,4,4,3,4,4,4,2015-09-08T16:52:00Z,4.75,4,4.428571428571429,3,2015-10-27T19:03:00Z,NA
87020,FrScA-S216-01,FrScA,S216,01,4,3.3333333333333335,4,3.5714285714285716,4,3,3,5,4,4,5,4,3,3,2016-02-23T16:19:00Z,NA,NA,NA,NA,NA,NA
87027,FrScA-S116-01,FrScA,S116,01,5,3.6666666666666665,4,4.428571428571429,5,3,3,5,5,5,5,5,3,5,2015-09-08T16:53:00Z,5,3.6666666666666665,4.428571428571429,5,2015-11-30T18:07:00Z,NA
87043,AnPhA-S116-01,AnPhA,S116,01,5,4.666666666666667,4.5,4.857142857142857,5,5,5,5,5,5,4,5,4,5,2015-09-13T02:34:00Z,NA,NA,NA,NA,NA,NA
87081,BioA-S116-01,BioA,S116,01,4,4,4,4,4,4,3,4,4,4,5,4,4,4,2015-09-09T20:05:00Z,NA,NA,NA,NA,NA,NA
87093,FrScA-S116-01,FrScA,S116,01,4.4,4.666666666666667,4,4.571428571428571,5,5,4,4,4,5,4,4,4,5,2015-09-09T18:57:00Z,NA,NA,NA,NA,NA,NA
87122,OcnA-S116-02,OcnA,S116,02,5,5,4,5,5,5,4,5,5,5,4,5,5,5,2015-09-10T11:47:00Z,NA,NA,NA,NA,NA,NA
87163,FrScA-S116-01,FrScA,S116,01,4.6,4.333333333333333,4.5,4.428571428571429,5,4,4,5,4,4,5,4,5,5,2015-09-16T22:58:00Z,NA,NA,NA,NA,NA,NA
87166,AnPhA-S116-01,AnPhA,S116,01,4.6,4.333333333333333,4.5,4.428571428571429,4,5,4,5,5,4,5,5,4,4,2015-09-10T13:42:00Z,NA,NA,NA,NA,NA,NA
87171,PhysA-S116-01,PhysA,S116,01,5,4.666666666666667,4,4.857142857142857,5,5,4,5,5,5,4,5,4,5,2015-09-09T22:13:00Z,4.25,3.6666666666666665,4,4,2016-01-16T23:32:00Z,NA
87209,OcnA-S116-02,OcnA,S116,02,3.8,3.3333333333333335,3.5,3.5714285714285716,4,3,3,4,4,4,4,4,3,3,2015-09-09T13:23:00Z,NA,NA,NA,NA,NA,NA
87484,FrScA-S116-01,FrScA,S116,01,4,3.3333333333333335,4,3.5714285714285716,5,4,3,5,2,4,5,4,2,4,2015-09-09T17:25:00Z,NA,NA,NA,NA,NA,NA
87485,FrScA-S116-01,FrScA,S116,01,3.4,2.6666666666666665,2.5,3.142857142857143,4,2,2,3,3,3,3,3,3,4,2015-10-08T21:57:00Z,NA,NA,NA,NA,NA,NA
87489,FrScA-S116-01,FrScA,S116,01,3.4,2.6666666666666665,3,3,3,2,3,4,3,3,3,4,3,3,2015-09-11T12:23:00Z,3.75,1.6666666666666667,2.857142857142857,3,2015-12-30T19:03:00Z,NA
87504,FrScA-S116-01,FrScA,S116,01,4.8,3.3333333333333335,3,4.142857142857143,4,3,3,5,5,4,3,5,3,5,2015-09-09T16:46:00Z,NA,NA,NA,NA,NA,NA
87552,BioA-S116-01,BioA,S116,01,4,4.666666666666667,NA,4.285714285714286,4,5,3,4,4,5,NA,4,4,4,2015-09-17T00:15:00Z,NA,NA,NA,NA,NA,NA
87579,FrScA-S116-01,FrScA,S116,01,3.8,3.3333333333333335,3,3.5714285714285716,4,3,3,4,4,4,3,4,3,3,2015-09-22T15:13:00Z,NA,NA,NA,NA,NA,NA
87670,OcnA-S216-01,OcnA,S216,01,4.8,5,5,4.857142857142857,5,5,5,5,4,5,5,5,5,5,2016-01-26T14:47:00Z,NA,NA,NA,NA,NA,NA
87689,BioA-T116-01,BioA,T116,01,2.8,3.6666666666666665,3,3.142857142857143,3,4,2,3,3,5,4,3,2,2,2015-09-10T22:27:00Z,2.75,3.3333333333333335,3,3.5,2015-11-17T03:04:00Z,NA
87805,FrScA-S116-01,FrScA,S116,01,4.6,3.3333333333333335,4.5,4,5,3,4,5,4,4,5,5,3,4,2015-09-11T02:15:00Z,4.75,3.3333333333333335,4.142857142857143,4.5,2015-09-11T18:27:00Z,NA
87825,OcnA-S216-01,OcnA,S216,01,4.6,3.6666666666666665,4.5,4.142857142857143,5,4,4,5,4,3,5,5,4,4,2016-01-28T18:04:00Z,NA,NA,NA,NA,NA,NA
87861,FrScA-S216-01,FrScA,S216,01,4.6,3.6666666666666665,4,4.142857142857143,4,4,3,5,4,4,5,5,3,5,2016-02-01T14:02:00Z,NA,NA,NA,NA,NA,NA
87865,AnPhA-T116-01,AnPhA,T116,01,3.8,4.666666666666667,3.5,4.142857142857143,4,5,3,4,4,5,4,4,4,3,2015-09-17T14:44:00Z,NA,NA,NA,NA,NA,NA
87866,FrScA-T116-01,FrScA,T116,01,3.8,3.3333333333333335,3.5,3.5714285714285716,4,4,3,4,4,3,4,4,3,3,2015-09-08T21:16:00Z,NA,NA,NA,NA,NA,NA
87905,FrScA-S116-01,FrScA,S116,01,4.4,2.6666666666666665,4,3.7142857142857144,5,3,4,4,5,3,4,5,2,3,2015-09-10T13:53:00Z,NA,NA,NA,NA,NA,NA
87906,FrScA-S116-01,FrScA,S116,01,5,4.333333333333333,3.5,4.714285714285714,5,4,3,5,5,5,4,5,4,5,2015-09-11T17:47:00Z,NA,NA,NA,NA,NA,NA
87914,FrScA-S116-01,FrScA,S116,01,4.6,4.333333333333333,3.5,4.428571428571429,5,5,2,5,4,4,5,4,4,5,2015-09-09T17:38:00Z,5,5,5,4,2016-01-22T03:18:00Z,NA
87927,FrScA-S116-01,FrScA,S116,01,4.4,3.3333333333333335,3.5,3.857142857142857,5,3,4,5,4,4,3,4,3,4,2015-09-14T14:42:00Z,4.25,4,4.142857142857143,3.5,2015-09-14T14:44:00Z,NA
87955,OcnA-T116-01,OcnA,T116,01,5,3.6666666666666665,4,4.428571428571429,5,4,5,5,5,5,3,5,2,5,2015-09-10T19:04:00Z,5,4.333333333333333,4.714285714285714,3.5,2015-11-16T18:10:00Z,NA
87970,OcnA-S116-01,OcnA,S116,01,4.2,5,3,5,5,5,3,1,5,5,3,5,5,5,2015-09-09T16:56:00Z,5,4.666666666666667,4.857142857142857,4,2015-09-14T16:54:00Z,NA
87988,FrScA-S216-02,FrScA,S216,02,5,4.333333333333333,4.5,4.714285714285714,5,4,4,5,5,5,5,5,4,5,2016-02-02T16:27:00Z,NA,NA,NA,NA,NA,NA
88048,FrScA-S216-02,FrScA,S216,02,3.6,2.6666666666666665,3,3.2857142857142856,4,2,3,3,4,3,3,4,3,3,2016-01-28T16:52:00Z,NA,NA,NA,NA,NA,NA
88050,AnPhA-S116-01,AnPhA,S116,01,4.2,4.333333333333333,4,4.142857142857143,4,4,3,5,4,5,5,4,4,4,2015-09-18T12:47:00Z,NA,NA,NA,NA,NA,NA
88068,AnPhA-S116-01,AnPhA,S116,01,4.6,4.666666666666667,4.5,4.571428571428571,4,4,4,5,4,5,5,5,5,5,2015-09-11T01:58:00Z,NA,NA,NA,NA,NA,NA
88075,FrScA-S116-04,FrScA,S116,04,4.6,3.6666666666666665,3.5,4.142857142857143,5,4,4,5,4,4,3,4,3,5,2015-09-18T12:53:00Z,NA,NA,NA,NA,NA,NA
88091,PhysA-S116-01,PhysA,S116,01,4.2,4,3.5,4.142857142857143,5,5,4,4,4,4,3,5,3,3,2015-10-02T21:00:00Z,NA,NA,NA,NA,NA,NA
88099,AnPhA-S116-01,AnPhA,S116,01,3.8,4,3,3.857142857142857,4,4,3,4,3,4,3,4,4,4,2015-09-10T15:28:00Z,NA,NA,NA,NA,NA,NA
88153,AnPhA-S116-01,AnPhA,S116,01,3.2,3.3333333333333335,2.5,3.142857142857143,4,4,2,4,3,4,3,3,2,2,2015-09-17T15:08:00Z,NA,NA,NA,NA,NA,NA
88166,OcnA-S116-02,OcnA,S116,02,5,3,3,4.142857142857143,5,1,3,5,5,5,3,5,3,5,2015-09-10T15:31:00Z,NA,NA,NA,NA,NA,NA
88168,OcnA-S116-02,OcnA,S116,02,4.8,3.6666666666666665,3.5,4.285714285714286,4,3,3,5,5,3,4,5,5,5,2015-09-10T14:34:00Z,NA,NA,NA,NA,NA,NA
88261,FrScA-S116-01,FrScA,S116,01,3.6,2.3333333333333335,2.5,3,4,2,2,4,3,3,3,4,2,3,2015-09-09T18:28:00Z,4,4.333333333333333,4.142857142857143,3,2015-12-27T01:03:00Z,NA
88282,OcnA-T116-01,OcnA,T116,01,2.8,2,3,2.4285714285714284,3,2,3,3,2,2,3,4,2,2,2015-09-11T16:50:00Z,NA,NA,NA,NA,NA,NA
88307,OcnA-S116-03,OcnA,S116,03,4.4,3,3,3.857142857142857,4,3,4,4,4,3,2,5,3,5,2015-09-09T16:56:00Z,4.25,1.3333333333333333,3,3.5,2016-01-08T17:51:00Z,NA
88311,FrScA-S216-04,FrScA,S216,04,5,3,4,4.142857142857143,5,3,3,5,5,4,5,5,2,5,2016-02-03T17:56:00Z,NA,NA,NA,NA,NA,NA
88340,OcnA-T116-01,OcnA,T116,01,3.8,3,3,3.4285714285714284,4,3,3,4,4,3,3,4,3,3,2015-09-09T17:57:00Z,NA,NA,NA,NA,NA,NA
88381,PhysA-S116-01,PhysA,S116,01,3.6,3.3333333333333335,3,3.4285714285714284,4,3,3,4,4,4,3,4,3,2,2015-09-10T00:06:00Z,3.5,3.6666666666666665,3.5714285714285716,4,2016-01-19T18:19:00Z,NA
88409,FrScA-S116-03,FrScA,S116,03,5,NA,5,NA,5,5,5,5,5,NA,5,5,4,5,2015-10-05T15:12:00Z,NA,NA,NA,NA,NA,NA
88440,OcnA-S116-01,OcnA,S116,01,4.6,4,3.5,4.285714285714286,5,4,3,5,4,4,4,5,4,4,2015-09-09T17:23:00Z,4.25,4,4.142857142857143,4,2015-10-05T18:28:00Z,NA
88474,OcnA-S216-01,OcnA,S216,01,4.2,3,3,3.7142857142857144,4,3,3,4,3,3,3,5,3,5,2016-01-26T13:19:00Z,NA,NA,NA,NA,NA,NA
88481,PhysA-S116-01,PhysA,S116,01,4.8,4.666666666666667,4,4.714285714285714,4,5,3,5,5,5,5,5,4,5,2015-09-09T20:23:00Z,NA,NA,NA,NA,NA,NA
88493,FrScA-S116-01,FrScA,S116,01,4,2.3333333333333335,3.5,3.2857142857142856,4,2,2,4,4,3,5,4,2,4,2015-09-14T11:33:00Z,4,2.3333333333333335,3.2857142857142856,4,2015-09-14T11:36:00Z,NA
88501,FrScA-S116-01,FrScA,S116,01,4.6,3.3333333333333335,3.5,4,5,3,3,5,5,3,4,4,4,4,2015-09-14T11:30:00Z,5,3.3333333333333335,4.285714285714286,3.5,2015-09-14T11:32:00Z,NA
88504,OcnA-S216-01,OcnA,S216,01,3.8,3,4,3.4285714285714284,4,3,4,4,4,3,4,4,3,3,2016-01-28T12:37:00Z,NA,NA,NA,NA,NA,NA
88527,FrScA-S116-01,FrScA,S116,01,4.2,2,3.5,3.142857142857143,5,2,3,5,4,2,4,4,2,3,2015-09-11T16:43:00Z,2.75,2,2.4285714285714284,3,2015-10-19T14:43:00Z,NA
88568,BioA-S116-01,BioA,S116,01,3,3,3.5,3,3,3,3,3,4,4,4,3,2,2,2015-09-17T17:03:00Z,NA,NA,NA,NA,NA,NA
88596,FrScA-S216-01,FrScA,S216,01,4.4,3.6666666666666665,3,4,5,4,3,5,4,4,3,4,3,4,2016-01-27T12:50:00Z,NA,NA,NA,NA,NA,NA
88612,AnPhA-S216-01,AnPhA,S216,01,3.8,4,4,3.857142857142857,3,4,4,4,4,4,4,4,4,4,2016-01-25T17:30:00Z,NA,NA,NA,NA,NA,NA
88636,FrScA-S116-03,FrScA,S116,03,5,4.333333333333333,5,4.714285714285714,5,3,5,5,5,5,5,5,5,5,2015-09-10T17:13:00Z,NA,NA,NA,NA,NA,NA
88641,AnPhA-S116-01,AnPhA,S116,01,3.6,4,3.5,3.7142857142857144,4,4,3,4,4,4,4,4,4,2,2015-09-15T11:21:00Z,NA,NA,NA,NA,NA,NA
88642,OcnA-S216-02,OcnA,S216,02,3.8,2.6666666666666665,3,3.2857142857142856,4,2,3,4,4,3,3,4,3,3,2016-01-26T17:41:00Z,NA,NA,NA,NA,NA,NA
88703,OcnA-T116-01,OcnA,T116,01,4.4,3,3,3.857142857142857,4,3,3,4,4,3,3,5,3,5,2015-09-10T13:06:00Z,NA,NA,NA,NA,NA,NA
88803,OcnA-S216-02,OcnA,S216,02,3.6,2.6666666666666665,3,3.142857142857143,3,3,3,4,4,3,3,4,2,3,2016-01-28T15:39:00Z,NA,NA,NA,NA,NA,NA
88835,FrScA-S116-03,FrScA,S116,03,4.2,2.6666666666666665,3.5,4,5,2,3,1,5,3,4,5,3,5,2015-09-10T13:07:00Z,NA,NA,NA,NA,NA,NA
88836,FrScA-S116-03,FrScA,S116,03,4.8,3.3333333333333335,3,4.142857142857143,5,3,3,5,5,4,3,5,3,4,2015-09-16T15:00:00Z,NA,NA,NA,NA,NA,NA
88845,FrScA-S216-01,FrScA,S216,01,4.8,3.6666666666666665,3.5,4.285714285714286,5,3,3,5,4,4,4,5,4,5,2016-01-26T12:32:00Z,NA,NA,NA,NA,NA,NA
88849,OcnA-S216-01,OcnA,S216,01,4.2,4,3,4.142857142857143,4,3,3,4,4,5,3,5,4,4,2016-02-05T14:41:00Z,NA,NA,NA,NA,NA,NA
88854,FrScA-S216-01,FrScA,S216,01,3.8,2.6666666666666665,2.5,3.2857142857142856,4,3,2,4,4,3,3,4,2,3,2016-01-25T15:01:00Z,NA,NA,NA,NA,NA,NA
88864,OcnA-S216-02,OcnA,S216,02,4.2,3.3333333333333335,3,3.7142857142857144,4,3,3,5,4,4,3,4,3,4,2016-01-28T16:48:00Z,NA,NA,NA,NA,NA,NA
88868,FrScA-S116-03,FrScA,S116,03,4.4,3.6666666666666665,3.5,4.142857142857143,4,3,3,4,5,4,4,5,4,4,2015-09-14T14:47:00Z,NA,NA,NA,NA,NA,NA
88874,FrScA-S116-03,FrScA,S116,03,3.4,3.3333333333333335,2.5,3.2857142857142856,4,3,2,4,3,4,3,4,3,2,2015-09-18T01:14:00Z,NA,NA,NA,NA,NA,NA
88886,FrScA-S116-03,FrScA,S116,03,4,3,4,3.5714285714285716,4,3,4,4,4,3,4,4,3,4,2015-09-18T15:06:00Z,NA,NA,NA,NA,NA,NA
88979,AnPhA-S216-02,AnPhA,S216,02,5,5,5,5,5,5,5,5,5,5,5,5,5,5,2016-01-25T21:12:00Z,NA,NA,NA,NA,NA,NA
88995,AnPhA-T116-01,AnPhA,T116,01,4.2,4,4,4,4,4,3,5,4,4,5,4,4,4,2015-09-23T01:49:00Z,NA,NA,NA,NA,NA,NA
89005,AnPhA-T116-01,AnPhA,T116,01,5,5,3.5,5,5,5,3,5,5,5,4,5,5,5,2015-09-15T12:21:00Z,NA,NA,NA,NA,NA,NA
89114,OcnA-S116-01,OcnA,S116,01,4,3.6666666666666665,3,3.857142857142857,4,4,3,4,4,4,3,4,3,4,2015-09-10T15:35:00Z,4,3.6666666666666665,3.857142857142857,2.5,2015-09-15T00:26:00Z,NA
89128,FrScA-S116-01,FrScA,S116,01,4.6,4.666666666666667,4,4.714285714285714,5,5,3,4,4,5,5,5,4,5,2015-09-28T20:27:00Z,4.5,4.666666666666667,4.571428571428571,3,2015-09-14T15:42:00Z,NA
89142,AnPhA-S116-01,AnPhA,S116,01,5,4.333333333333333,3.5,4.714285714285714,5,4,4,5,5,5,3,5,4,5,2015-09-25T23:40:00Z,NA,NA,NA,NA,NA,NA
89144,FrScA-S116-03,FrScA,S116,03,5,4.333333333333333,4.5,4.714285714285714,5,5,5,5,5,3,4,5,5,5,2015-09-10T00:15:00Z,NA,NA,NA,NA,NA,NA
89165,FrScA-S116-03,FrScA,S116,03,5,4,3,4.571428571428571,5,4,3,5,5,4,3,5,4,5,2015-09-14T17:17:00Z,3.75,3,3.4285714285714284,2.5,2016-01-19T17:31:00Z,NA
89168,FrScA-S116-03,FrScA,S116,03,4.2,3.6666666666666665,3.5,3.857142857142857,4,4,3,5,4,4,4,4,3,4,2015-09-10T15:51:00Z,NA,NA,NA,NA,NA,NA
89194,AnPhA-S116-01,AnPhA,S116,01,3.6,3.3333333333333335,3.5,3.4285714285714284,3,4,3,4,4,4,4,4,2,3,2015-09-17T15:13:00Z,NA,NA,NA,NA,NA,NA
89295,PhysA-S116-01,PhysA,S116,01,4.4,4,4.5,4.142857142857143,4,5,4,5,4,4,5,5,3,4,2015-09-10T14:57:00Z,NA,NA,NA,NA,NA,NA
89300,BioA-S116-01,BioA,S116,01,3.4,3.6666666666666665,3,3.4285714285714284,3,3,2,4,4,4,4,3,4,3,2015-09-14T17:07:00Z,NA,NA,NA,NA,NA,NA
89333,FrScA-S216-01,FrScA,S216,01,NA,4,3.5,4,4,4,3,NA,4,4,4,4,4,4,2016-01-25T16:25:00Z,NA,NA,NA,NA,NA,NA
89345,FrScA-S216-01,FrScA,S216,01,4,2.3333333333333335,4,3.2857142857142856,4,2,3,4,4,2,5,4,3,4,2016-01-25T16:00:00Z,NA,NA,NA,NA,NA,NA
89376,FrScA-S116-03,FrScA,S116,03,5,4.666666666666667,4,4.857142857142857,5,4,4,5,5,5,4,5,5,5,2015-09-10T15:18:00Z,2.25,2,2.142857142857143,1,2016-01-22T15:43:00Z,NA
89395,PhysA-S116-01,PhysA,S116,01,5,4.333333333333333,3.5,4.714285714285714,5,5,4,5,5,4,3,5,4,5,2015-09-10T14:13:00Z,5,3.6666666666666665,4.428571428571429,4.5,2016-01-15T15:00:00Z,NA
89425,PhysA-S116-01,PhysA,S116,01,3.4,4,3.5,3.7142857142857144,3,4,3,3,4,5,4,3,3,4,2015-09-10T21:16:00Z,4,4,4,3.5,2015-12-30T18:35:00Z,NA
89435,OcnA-S116-01,OcnA,S116,01,5,3.6666666666666665,4.5,4.428571428571429,5,3,4,5,5,4,5,5,4,5,2015-09-12T18:02:00Z,4.75,3.6666666666666665,4.285714285714286,4.5,2015-09-12T15:56:00Z,NA
89465,FrScA-S216-01,FrScA,S216,01,3,3.3333333333333335,2.5,3.142857142857143,3,3,2,3,3,4,3,3,3,3,2016-02-02T17:43:00Z,NA,NA,NA,NA,NA,NA
89487,OcnA-S116-01,OcnA,S116,01,5,4,4.5,4.571428571428571,5,4,5,5,5,4,4,5,4,5,2015-09-10T14:57:00Z,NA,NA,NA,NA,NA,NA
89490,PhysA-S116-01,PhysA,S116,01,3,3,2,3,3,3,2,3,3,4,2,3,2,3,2015-09-10T16:23:00Z,3.25,3.3333333333333335,3.2857142857142856,2.5,2016-01-21T05:19:00Z,NA
89918,AnPhA-S116-01,AnPhA,S116,01,4.6,4.333333333333333,3.5,4.428571428571429,5,5,3,5,4,4,4,5,4,4,2015-09-11T13:19:00Z,NA,NA,NA,NA,NA,NA
89994,FrScA-S216-02,FrScA,S216,02,4.6,3.6666666666666665,4,4.142857142857143,4,3,4,5,5,4,4,5,4,4,2016-02-05T14:36:00Z,NA,NA,NA,NA,NA,NA
90029,FrScA-S216-01,FrScA,S216,01,4.8,3.6666666666666665,3.5,4.428571428571429,5,4,3,4,5,4,4,5,3,5,2016-01-26T14:07:00Z,NA,NA,NA,NA,NA,NA
90090,OcnA-S116-02,OcnA,S116,02,5,4,3.5,4.571428571428571,5,4,3,5,5,4,4,5,4,5,2015-09-11T15:23:00Z,NA,NA,NA,NA,NA,NA
90095,FrScA-S116-01,FrScA,S116,01,4.4,4.333333333333333,3.5,4.285714285714286,4,4,4,5,4,5,3,4,4,5,2015-09-18T13:19:00Z,1.5,1,1.2857142857142858,1,2016-01-20T13:57:00Z,NA
90097,FrScA-S116-03,FrScA,S116,03,4.6,3.3333333333333335,3,4,5,3,3,5,4,4,3,5,3,4,2015-09-18T15:59:00Z,3.75,3,3.4285714285714284,2.5,2016-01-17T20:13:00Z,NA
90098,FrScA-S116-03,FrScA,S116,03,5,4.666666666666667,4.5,4.857142857142857,5,4,5,5,5,5,4,5,5,5,2015-09-15T14:52:00Z,NA,NA,NA,NA,NA,NA
90253,BioA-S116-01,BioA,S116,01,NA,3.3333333333333335,3.5,NA,4,2,2,4,NA,3,5,4,5,4,2015-10-08T17:14:00Z,NA,NA,NA,NA,NA,NA
90274,FrScA-S116-03,FrScA,S116,03,5,5,4.5,5,5,5,4,5,5,5,5,5,5,5,2015-09-10T19:24:00Z,5,5,5,5,2015-12-06T22:56:00Z,NA
90277,FrScA-S216-01,FrScA,S216,01,4.4,3,3.5,3.857142857142857,5,3,4,4,4,3,3,4,3,5,2016-02-01T18:13:00Z,NA,NA,NA,NA,NA,NA
90305,AnPhA-S116-01,AnPhA,S116,01,5,4.666666666666667,5,4.857142857142857,5,5,5,5,5,5,5,5,4,5,2015-09-17T15:20:00Z,NA,NA,NA,NA,NA,NA
90326,PhysA-S116-01,PhysA,S116,01,5,4.666666666666667,5,4.857142857142857,5,5,5,5,5,5,5,5,4,5,2015-09-20T21:44:00Z,NA,NA,NA,NA,NA,NA
90333,PhysA-S116-01,PhysA,S116,01,4.6,4,5,4.285714285714286,5,4,5,5,4,4,5,4,4,5,2015-09-25T15:17:00Z,NA,NA,NA,NA,NA,NA
90370,FrScA-S116-03,FrScA,S116,03,4.4,3.6666666666666665,3,4,5,3,3,5,4,4,3,4,4,4,2015-09-11T13:11:00Z,NA,NA,NA,NA,NA,NA
90372,FrScA-S116-03,FrScA,S116,03,5,4,3.5,4.571428571428571,5,4,3,5,5,5,4,5,3,5,2015-09-21T17:37:00Z,NA,NA,NA,NA,NA,NA
90394,FrScA-S216-01,FrScA,S216,01,5,3.3333333333333335,3.5,4.285714285714286,5,3,3,5,5,4,4,5,3,5,2016-01-27T15:05:00Z,NA,NA,NA,NA,NA,NA
90395,AnPhA-S116-02,AnPhA,S116,02,5,5,4.5,5,5,5,5,5,5,5,4,5,5,5,2015-09-20T16:36:00Z,NA,NA,NA,NA,NA,NA
90396,AnPhA-S116-02,AnPhA,S116,02,4.2,3.3333333333333335,3,3.7142857142857144,4,3,2,5,4,4,4,4,3,4,2015-09-30T15:22:00Z,NA,NA,NA,NA,NA,NA
90398,AnPhA-S116-02,AnPhA,S116,02,NA,4.333333333333333,4,NA,5,4,3,5,5,5,5,NA,4,5,2015-09-11T16:04:00Z,NA,NA,NA,NA,NA,NA
90399,AnPhA-S116-02,AnPhA,S116,02,4.8,4.666666666666667,4.5,4.714285714285714,4,4,4,5,5,5,5,5,5,5,2015-09-21T17:03:00Z,NA,NA,NA,NA,NA,NA
90430,BioA-S116-01,BioA,S116,01,4,3.3333333333333335,3,3.7142857142857144,4,3,3,4,4,4,3,4,3,4,2015-09-15T18:35:00Z,3,3.3333333333333335,3.142857142857143,2.5,2016-01-21T14:31:00Z,NA
90433,FrScA-S116-01,FrScA,S116,01,5,4.666666666666667,4.5,4.857142857142857,5,4,4,5,5,5,5,5,5,5,2015-10-21T17:07:00Z,NA,NA,NA,NA,NA,NA
90466,BioA-S116-01,BioA,S116,01,5,5,5,5,5,5,5,5,5,5,5,5,5,5,2015-09-16T15:04:00Z,NA,NA,NA,NA,NA,NA
90516,AnPhA-T116-01,AnPhA,T116,01,4.6,4,3.5,4.428571428571429,5,4,3,4,4,4,4,5,4,5,2015-09-10T21:08:00Z,NA,NA,NA,NA,NA,NA
90562,OcnA-S116-01,OcnA,S116,01,NA,3.3333333333333335,4.5,3.4285714285714284,4,3,5,NA,1,4,4,4,3,5,2015-09-11T18:14:00Z,4.75,4.333333333333333,4.571428571428571,4.5,2015-09-16T18:44:00Z,NA
90622,FrScA-S216-01,FrScA,S216,01,3.8,3.3333333333333335,2.5,3.5714285714285716,4,3,2,4,4,4,3,4,3,3,2016-01-27T14:44:00Z,NA,NA,NA,NA,NA,NA
90636,FrScA-S216-01,FrScA,S216,01,3.8,3.6666666666666665,3.5,3.7142857142857144,4,4,3,4,3,4,4,4,3,4,2016-02-21T20:57:00Z,NA,NA,NA,NA,NA,NA
90855,FrScA-S116-03,FrScA,S116,03,4.6,4,4,4.285714285714286,5,4,4,5,4,4,4,5,4,4,2015-09-18T13:36:00Z,4.25,4,4.142857142857143,3.5,2016-01-22T15:33:00Z,NA
90861,OcnA-S116-01,OcnA,S116,01,4.2,4,3,4.142857142857143,4,4,3,4,4,4,3,4,4,5,2015-09-13T23:19:00Z,NA,NA,NA,NA,NA,NA
90878,FrScA-S116-03,FrScA,S116,03,4.6,2.6666666666666665,3.5,3.857142857142857,4,3,4,4,5,3,3,5,2,5,2015-09-23T14:16:00Z,NA,NA,NA,NA,NA,NA
90956,AnPhA-S116-02,AnPhA,S116,02,5,5,4.5,5,5,5,5,5,5,5,4,5,5,5,2015-09-27T21:59:00Z,NA,NA,NA,NA,NA,NA
90971,AnPhA-S116-02,AnPhA,S116,02,3,3,3,3,3,3,3,3,3,3,3,3,3,3,2015-09-18T14:40:00Z,NA,NA,NA,NA,NA,NA
90989,FrScA-S216-01,FrScA,S216,01,4.8,3,3.5,4,5,3,3,5,4,4,4,5,2,5,2016-01-25T22:19:00Z,NA,NA,NA,NA,NA,NA
90996,OcnA-S216-01,OcnA,S216,01,3.8,3.3333333333333335,4,3.5714285714285716,4,3,4,4,4,3,4,4,4,3,2016-02-22T18:23:00Z,NA,NA,NA,NA,NA,NA
91030,PhysA-S116-01,PhysA,S116,01,3.8,4,4.5,3.857142857142857,4,4,4,4,4,5,5,4,3,3,2015-09-14T18:14:00Z,NA,NA,NA,NA,NA,NA
91038,PhysA-S116-01,PhysA,S116,01,3.2,3.3333333333333335,2,3.2857142857142856,3,4,2,3,3,4,2,4,2,3,2015-11-23T19:25:00Z,NA,NA,NA,NA,NA,NA
91065,AnPhA-S116-02,AnPhA,S116,02,4.2,2.6666666666666665,3.5,3.4285714285714284,4,2,3,5,4,3,4,4,3,4,2015-09-22T16:33:00Z,NA,NA,NA,NA,NA,NA
91066,BioA-S116-01,BioA,S116,01,3.8,3.6666666666666665,4,3.7142857142857144,4,4,3,4,4,4,5,4,3,3,2015-09-15T20:31:00Z,3.25,2.6666666666666665,3,3,2016-01-21T23:38:00Z,NA
91067,BioA-S116-01,BioA,S116,01,4.2,3.3333333333333335,4,3.857142857142857,4,3,4,4,5,4,4,4,3,4,2015-09-20T22:47:00Z,NA,NA,NA,NA,NA,NA
91163,OcnA-S216-02,OcnA,S216,02,3.6,3.6666666666666665,3,3.7142857142857144,4,4,3,3,4,4,3,4,3,3,2016-01-30T14:42:00Z,NA,NA,NA,NA,NA,NA
91164,AnPhA-S216-02,AnPhA,S216,02,5,5,4.5,5,5,5,5,5,5,5,4,5,5,5,2016-01-27T02:05:00Z,NA,NA,NA,NA,NA,NA
91173,FrScA-S116-01,FrScA,S116,01,4.8,3.3333333333333335,3.5,4.142857142857143,5,3,3,5,4,3,4,5,4,5,2015-09-16T14:13:00Z,NA,NA,NA,NA,NA,NA
91175,AnPhA-S116-02,AnPhA,S116,02,4.6,4,4.5,4.285714285714286,5,4,4,5,4,4,5,4,4,5,2015-09-27T20:40:00Z,NA,NA,NA,NA,NA,NA
91176,FrScA-S116-04,FrScA,S116,04,5,5,4.5,5,5,5,4,5,5,5,5,5,5,5,2015-09-15T14:14:00Z,NA,NA,NA,NA,NA,NA
91212,FrScA-S216-01,FrScA,S216,01,5,4.666666666666667,3.5,4.857142857142857,5,4,3,5,5,5,4,5,5,5,2016-02-22T04:56:00Z,NA,NA,NA,NA,NA,NA
91252,OcnA-S216-02,OcnA,S216,02,4.8,4,4.5,4.428571428571429,5,4,4,5,4,3,5,5,5,5,2016-01-26T13:37:00Z,NA,NA,NA,NA,NA,NA
91300,BioA-S116-01,BioA,S116,01,4.2,3.6666666666666665,3.5,3.857142857142857,4,4,3,5,4,4,4,4,3,4,2015-09-16T22:57:00Z,NA,NA,NA,NA,NA,NA
91313,AnPhA-S216-01,AnPhA,S216,01,4.2,3.3333333333333335,3.5,3.857142857142857,4,3,3,4,5,4,4,5,3,3,2016-01-27T16:04:00Z,NA,NA,NA,NA,NA,NA
91319,AnPhA-S116-02,AnPhA,S116,02,4,4.333333333333333,3.5,4.142857142857143,4,5,3,4,4,4,4,4,4,4,2015-09-24T15:39:00Z,NA,NA,NA,NA,NA,NA
91320,AnPhA-S116-02,AnPhA,S116,02,3.2,3.6666666666666665,3,3.4285714285714284,4,4,3,3,3,4,3,3,3,3,2015-09-24T16:38:00Z,NA,NA,NA,NA,NA,NA
91326,AnPhA-S216-01,AnPhA,S216,01,4.6,4.333333333333333,3,4.428571428571429,5,5,5,5,5,5,1,3,3,5,2016-02-29T16:15:00Z,NA,NA,NA,NA,NA,NA
91340,FrScA-S116-02,FrScA,S116,02,5,4,3,4.571428571428571,5,3,3,5,5,4,3,5,5,5,2015-09-15T14:54:00Z,NA,NA,NA,NA,NA,NA
91351,BioA-S116-01,BioA,S116,01,3.8,4,4,3.857142857142857,4,4,5,4,4,4,3,4,4,3,2015-09-17T11:45:00Z,NA,NA,NA,NA,NA,NA
91410,FrScA-S216-02,FrScA,S216,02,3.4,3.3333333333333335,2.5,3.4285714285714284,4,3,1,3,3,4,4,4,3,3,2016-04-27T02:12:00Z,NA,NA,NA,NA,NA,NA
91471,FrScA-S116-01,FrScA,S116,01,4.8,4.333333333333333,4.5,4.571428571428571,5,4,4,5,5,5,5,4,4,5,2015-09-25T00:22:00Z,NA,NA,NA,NA,NA,NA
91550,FrScA-S216-02,FrScA,S216,02,3.8,4,2,3.857142857142857,4,3,2,4,3,5,2,4,4,4,2016-03-24T01:48:00Z,NA,NA,NA,NA,NA,NA
91574,AnPhA-S116-02,AnPhA,S116,02,4,3.6666666666666665,3,3.857142857142857,4,3,2,4,4,4,4,4,4,4,2015-10-09T12:47:00Z,NA,NA,NA,NA,NA,NA
91607,FrScA-S216-02,FrScA,S216,02,4.4,4.333333333333333,4,4.428571428571429,4,4,4,4,5,5,4,4,4,5,2016-03-22T02:49:00Z,NA,NA,NA,NA,NA,NA
91611,BioA-S116-01,BioA,S116,01,4,3,3,3.5714285714285716,4,4,3,4,5,3,3,4,2,3,2015-09-18T13:08:00Z,NA,NA,NA,NA,NA,NA
91619,AnPhA-S116-02,AnPhA,S116,02,4,4,4,4,4,4,4,4,4,4,4,4,4,4,2015-09-21T16:50:00Z,NA,NA,NA,NA,NA,NA
91624,BioA-S116-01,BioA,S116,01,5,3.6666666666666665,4,4.428571428571429,5,4,3,5,5,4,5,5,3,5,2015-09-16T13:50:00Z,NA,NA,NA,NA,NA,NA
91633,PhysA-S116-01,PhysA,S116,01,4.8,4.333333333333333,4,4.571428571428571,5,5,3,5,5,5,5,5,3,4,2015-09-16T13:19:00Z,NA,NA,NA,NA,NA,NA
91634,AnPhA-S116-02,AnPhA,S116,02,4,3.6666666666666665,3.5,3.857142857142857,4,4,3,4,4,4,4,4,3,4,2015-09-22T17:48:00Z,NA,NA,NA,NA,NA,NA
91635,OcnA-S116-01,OcnA,S116,01,3,3,3,3,3,3,3,3,3,3,3,3,3,3,2015-09-16T00:16:00Z,3,3,3,2.5,2015-12-10T15:57:00Z,NA
91672,AnPhA-S116-02,AnPhA,S116,02,3.6,4,2,4,4,4,2,2,4,4,2,4,4,4,2015-09-18T00:54:00Z,NA,NA,NA,NA,NA,NA
91709,AnPhA-S116-02,AnPhA,S116,02,4.2,3.6666666666666665,3.5,3.857142857142857,4,4,3,5,4,4,4,4,3,4,2015-10-01T12:44:00Z,NA,NA,NA,NA,NA,NA
91771,AnPhA-S116-02,AnPhA,S116,02,5,4,4.5,4.571428571428571,5,4,5,5,5,4,4,5,4,5,2015-09-23T12:26:00Z,NA,NA,NA,NA,NA,NA
91818,OcnA-S116-01,OcnA,S116,01,4,3.6666666666666665,3.5,3.857142857142857,4,4,3,4,4,4,4,4,3,4,2015-09-21T13:39:00Z,3.75,4,3.857142857142857,3.5,2015-09-21T13:40:00Z,NA
91821,PhysA-S116-01,PhysA,S116,01,4,4,4,4,4,4,4,4,4,4,4,4,4,4,2015-09-21T13:36:00Z,NA,NA,NA,NA,NA,NA
91932,AnPhA-S116-02,AnPhA,S116,02,5,5,4.5,5,5,5,4,5,5,5,5,5,5,5,2015-09-23T17:03:00Z,NA,NA,NA,NA,NA,NA
91943,FrScA-S216-02,FrScA,S216,02,5,4.666666666666667,4.5,4.857142857142857,5,5,5,5,5,4,4,5,5,5,2016-02-16T05:20:00Z,NA,NA,NA,NA,NA,NA
92021,OcnA-S116-02,OcnA,S116,02,5,4.666666666666667,4.5,4.857142857142857,5,4,4,5,5,5,5,5,5,5,2015-09-23T17:10:00Z,NA,NA,NA,NA,NA,NA
92124,FrScA-S216-01,FrScA,S216,01,4.2,2.6666666666666665,3.5,3.4285714285714284,4,2,3,5,4,3,4,4,3,4,2016-02-08T23:22:00Z,NA,NA,NA,NA,NA,NA
92143,FrScA-S116-01,FrScA,S116,01,3.8,3,3.5,3.4285714285714284,4,3,3,4,4,3,4,4,3,3,2015-09-23T00:55:00Z,NA,NA,NA,NA,NA,NA
92152,BioA-S116-01,BioA,S116,01,3.4,4,2.5,3.5714285714285716,3,4,2,4,4,4,3,3,4,3,2015-09-23T00:35:00Z,NA,NA,NA,NA,NA,NA
92185,AnPhA-S116-02,AnPhA,S116,02,4.8,4.666666666666667,4,4.714285714285714,5,5,4,5,5,5,4,5,4,4,2015-10-03T15:24:00Z,NA,NA,NA,NA,NA,NA
92214,FrScA-S116-01,FrScA,S116,01,3.4,4,4,3.7142857142857144,4,5,3,3,4,4,5,3,3,3,2015-09-22T12:31:00Z,4,4.333333333333333,4.142857142857143,3,2016-01-04T13:13:00Z,NA
92510,BioA-S116-01,BioA,S116,01,5,5,5,5,5,5,5,5,5,5,5,5,5,5,2015-10-09T18:52:00Z,NA,NA,NA,NA,NA,NA
92511,PhysA-S116-01,PhysA,S116,01,2.6,3.6666666666666665,3,2.857142857142857,3,4,2,4,2,5,4,2,2,2,2015-10-20T15:36:00Z,NA,NA,NA,NA,NA,NA
92604,FrScA-S116-03,FrScA,S116,03,3.2,3,2.5,3.2857142857142856,4,3,2,2,4,4,3,4,2,2,2015-10-15T17:20:00Z,NA,NA,NA,NA,NA,NA
92606,BioA-S116-01,BioA,S116,01,3.2,3,2.5,3.142857142857143,4,3,3,3,3,3,2,3,3,3,2015-10-27T00:25:00Z,NA,NA,NA,NA,NA,NA
92633,BioA-S116-01,BioA,S116,01,4,4,4,4,4,4,4,4,4,4,4,4,4,4,2015-11-10T17:03:00Z,NA,NA,NA,NA,NA,NA
92724,PhysA-S116-01,PhysA,S116,01,4.2,4,4,4.142857142857143,5,4,4,4,4,5,4,4,3,4,2015-10-18T18:23:00Z,4,4,4,3.5,2016-01-18T18:52:00Z,NA
92725,PhysA-S116-01,PhysA,S116,01,4,3.3333333333333335,3.5,3.7142857142857144,4,2,3,4,4,4,4,4,4,4,2015-10-18T03:11:00Z,4,2.6666666666666665,3.4285714285714284,3,2016-01-20T03:49:00Z,NA
92726,PhysA-S116-01,PhysA,S116,01,2.4,3.6666666666666665,2.5,3,2,3,2,2,3,5,3,2,3,3,2015-10-24T19:30:00Z,3.75,3.3333333333333335,3.5714285714285716,3.5,2016-01-20T02:56:00Z,NA
92727,PhysA-S116-01,PhysA,S116,01,4,4,4.5,4,4,4,5,4,4,4,4,4,4,4,2015-10-21T03:50:00Z,NA,NA,NA,NA,NA,NA
92729,PhysA-S116-01,PhysA,S116,01,3.8,4,2.5,3.857142857142857,4,4,2,4,4,4,3,4,4,3,2015-10-21T18:32:00Z,4.25,3.6666666666666665,4,3.5,2016-01-20T03:06:00Z,NA
92732,PhysA-S116-01,PhysA,S116,01,3.6,3.3333333333333335,3,3.4285714285714284,3,3,3,4,4,4,3,4,3,3,2015-10-29T18:01:00Z,2.75,3.3333333333333335,3,2.5,2016-01-17T17:17:00Z,NA
92733,PhysA-S116-01,PhysA,S116,01,4.2,3.6666666666666665,3,3.857142857142857,4,3,3,5,4,5,3,4,3,4,2015-10-18T21:09:00Z,NA,NA,NA,NA,NA,NA
92740,PhysA-S116-01,PhysA,S116,01,3.8,3.6666666666666665,3.5,3.857142857142857,4,4,3,3,4,4,4,4,3,4,2015-10-14T18:04:00Z,3.75,3.6666666666666665,3.7142857142857144,4,2015-12-16T22:02:00Z,NA
92741,PhysA-S116-01,PhysA,S116,01,4,4,4.5,4,4,4,4,4,4,4,5,4,4,4,2015-10-12T03:21:00Z,4,4,4,4,2015-12-26T15:51:00Z,NA
92743,PhysA-S116-01,PhysA,S116,01,4.4,3.6666666666666665,3.5,4.142857142857143,5,4,3,4,4,4,4,4,3,5,2015-10-19T23:29:00Z,3.75,3,3.4285714285714284,1.5,2016-01-22T05:36:00Z,NA
94070,FrScA-S216-01,FrScA,S216,01,4.4,4,3.5,4.285714285714286,5,4,3,4,4,4,4,4,4,5,2016-01-25T14:52:00Z,NA,NA,NA,NA,NA,NA
94135,FrScA-S216-01,FrScA,S216,01,4.4,3.6666666666666665,3.5,4.142857142857143,5,4,3,4,4,4,4,5,3,4,2016-01-25T18:20:00Z,NA,NA,NA,NA,NA,NA
94156,FrScA-S216-01,FrScA,S216,01,3.8,3,3,3.4285714285714284,4,3,3,4,3,3,3,4,3,4,2016-01-25T14:26:00Z,NA,NA,NA,NA,NA,NA
94172,FrScA-S216-01,FrScA,S216,01,4.2,4,4,4,4,4,3,5,4,4,5,4,4,4,2016-02-02T15:44:00Z,NA,NA,NA,NA,NA,NA
94189,PhysA-S216-01,PhysA,S216,01,3.2,3.3333333333333335,3,3.2857142857142856,3,3,3,3,4,4,3,3,3,3,2016-01-25T19:31:00Z,NA,NA,NA,NA,NA,NA
94219,AnPhA-S216-02,AnPhA,S216,02,4.6,4.333333333333333,3.5,4.428571428571429,4,4,3,5,4,5,4,5,4,5,2016-01-25T14:32:00Z,NA,NA,NA,NA,NA,NA
94240,OcnA-S216-02,OcnA,S216,02,5,4.333333333333333,4.5,4.714285714285714,5,4,4,5,5,4,5,5,5,5,2016-01-25T19:12:00Z,NA,NA,NA,NA,NA,NA
94246,AnPhA-S216-01,AnPhA,S216,01,4,4,4,4,4,4,4,4,4,5,4,4,3,4,2016-02-09T15:48:00Z,NA,NA,NA,NA,NA,NA
94251,PhysA-S216-01,PhysA,S216,01,4,3,3,3.5714285714285716,4,3,3,4,4,3,3,4,3,4,2016-01-25T21:16:00Z,NA,NA,NA,NA,NA,NA
94257,FrScA-S216-01,FrScA,S216,01,5,3.6666666666666665,4,4.428571428571429,5,4,3,5,5,4,5,5,3,5,2016-01-25T14:38:00Z,NA,NA,NA,NA,NA,NA
94288,FrScA-S216-01,FrScA,S216,01,4.6,3.6666666666666665,4,4.142857142857143,5,3,4,5,5,4,4,4,4,4,2016-01-25T14:17:00Z,NA,NA,NA,NA,NA,NA
94292,FrScA-S216-01,FrScA,S216,01,5,5,5,5,5,5,5,5,5,5,5,5,5,5,2016-01-28T13:22:00Z,NA,NA,NA,NA,NA,NA
94319,OcnA-S216-01,OcnA,S216,01,5,5,5,5,5,5,5,5,5,5,5,5,5,5,2016-01-27T12:52:00Z,NA,NA,NA,NA,NA,NA
94323,OcnA-S216-01,OcnA,S216,01,4.4,3.6666666666666665,4,4,4,4,4,5,4,4,4,4,3,5,2016-01-27T14:46:00Z,NA,NA,NA,NA,NA,NA
94327,OcnA-S216-02,OcnA,S216,02,3.2,2,3,2.7142857142857144,3,2,3,3,3,2,3,3,2,4,2016-02-21T18:54:00Z,NA,NA,NA,NA,NA,NA
94331,FrScA-S216-01,FrScA,S216,01,4.8,3.6666666666666665,4,4.285714285714286,4,3,4,5,5,5,4,5,3,5,2016-01-28T01:27:00Z,NA,NA,NA,NA,NA,NA
94332,FrScA-S216-01,FrScA,S216,01,4,2,3,3.142857142857143,4,2,3,4,4,2,3,4,2,4,2016-01-29T18:41:00Z,NA,NA,NA,NA,NA,NA
94356,FrScA-S216-01,FrScA,S216,01,5,4.333333333333333,3,4.714285714285714,5,4,3,5,5,4,3,5,5,5,2016-01-26T12:57:00Z,NA,NA,NA,NA,NA,NA
94369,FrScA-S216-03,FrScA,S216,03,4,3.3333333333333335,3.5,3.7142857142857144,4,2,3,4,4,4,4,4,4,4,2016-01-27T15:28:00Z,NA,NA,NA,NA,NA,NA
94370,FrScA-S216-01,FrScA,S216,01,4,4,4,4,4,4,5,4,4,4,3,4,4,4,2016-01-25T13:57:00Z,NA,NA,NA,NA,NA,NA
94376,FrScA-S216-01,FrScA,S216,01,4,2.6666666666666665,3.5,3.4285714285714284,4,2,3,4,4,4,4,5,2,3,2016-01-27T18:00:00Z,NA,NA,NA,NA,NA,NA
94400,FrScA-S216-01,FrScA,S216,01,3.8,3,2.5,3.5714285714285716,4,3,2,3,4,2,3,4,4,4,2016-02-01T18:07:00Z,NA,NA,NA,NA,NA,NA
94402,FrScA-S216-01,FrScA,S216,01,4.4,3.6666666666666665,3.5,4,4,3,2,5,4,5,5,5,3,4,2016-01-26T00:11:00Z,NA,NA,NA,NA,NA,NA
94404,FrScA-S216-01,FrScA,S216,01,4,2.3333333333333335,3.5,3.2857142857142856,4,2,3,4,4,3,4,4,2,4,2016-01-25T14:25:00Z,NA,NA,NA,NA,NA,NA
94419,FrScA-S216-01,FrScA,S216,01,3.8,3.3333333333333335,3,3.5714285714285716,4,3,2,4,4,4,4,4,3,3,2016-01-25T20:05:00Z,NA,NA,NA,NA,NA,NA
94542,AnPhA-S216-02,AnPhA,S216,02,4.8,4.333333333333333,3.5,4.571428571428571,5,5,3,5,5,5,4,5,3,4,2016-01-25T14:31:00Z,NA,NA,NA,NA,NA,NA
94550,AnPhA-S216-02,AnPhA,S216,02,5,5,4,5,5,5,3,5,5,5,5,5,5,5,2016-01-25T18:59:00Z,NA,NA,NA,NA,NA,NA
94556,OcnA-S216-02,OcnA,S216,02,3,2.6666666666666665,3,2.857142857142857,3,2,3,3,3,3,3,3,3,3,2016-01-25T18:07:00Z,NA,NA,NA,NA,NA,NA
94577,OcnA-S216-02,OcnA,S216,02,4.2,3.6666666666666665,3.5,4,4,3,4,4,5,4,3,4,4,4,2016-01-25T19:33:00Z,NA,NA,NA,NA,NA,NA
94586,FrScA-S216-01,FrScA,S216,01,4.4,3.6666666666666665,3.5,4,4,3,4,5,4,4,3,4,4,5,2016-02-12T12:50:00Z,NA,NA,NA,NA,NA,NA
94590,OcnA-S216-01,OcnA,S216,01,3,2,3,2.5714285714285716,3,2,4,3,4,2,2,3,2,2,2016-01-25T15:03:00Z,NA,NA,NA,NA,NA,NA
94630,OcnA-S216-01,OcnA,S216,01,4,4.666666666666667,2.5,4.285714285714286,4,5,2,4,4,5,3,4,4,4,2016-02-18T15:42:00Z,NA,NA,NA,NA,NA,NA
94654,OcnA-S216-01,OcnA,S216,01,4.4,3,3.5,3.7142857142857144,4,2,3,5,5,4,4,4,3,4,2016-02-16T00:29:00Z,NA,NA,NA,NA,NA,NA
94661,FrScA-S216-01,FrScA,S216,01,5,3.6666666666666665,5,4.428571428571429,5,3,5,5,5,5,5,5,3,5,2016-01-27T19:10:00Z,NA,NA,NA,NA,NA,NA
94691,AnPhA-S216-01,AnPhA,S216,01,4,4,3,4,4,4,2,4,4,4,4,4,4,4,2016-03-14T00:44:00Z,NA,NA,NA,NA,NA,NA
94717,OcnA-S216-01,OcnA,S216,01,4.6,3,2,3.857142857142857,4,2,2,5,5,3,2,4,4,5,2016-01-25T19:15:00Z,NA,NA,NA,NA,NA,NA
94744,OcnA-S216-01,OcnA,S216,01,3.6,3,3,3.4285714285714284,3,3,3,3,4,3,3,4,3,4,2016-01-25T21:01:00Z,NA,NA,NA,NA,NA,NA
94756,FrScA-S216-01,FrScA,S216,01,4.2,3,3,3.5714285714285716,4,3,2,5,4,3,4,4,3,4,2016-02-11T13:40:00Z,NA,NA,NA,NA,NA,NA
94805,AnPhA-S216-01,AnPhA,S216,01,5,4.333333333333333,3.5,4.714285714285714,5,4,3,5,5,5,4,5,4,5,2016-01-25T17:46:00Z,NA,NA,NA,NA,NA,NA
94824,FrScA-S216-01,FrScA,S216,01,4.8,3.3333333333333335,3.5,4.142857142857143,5,4,3,5,5,3,4,5,3,4,2016-01-25T16:46:00Z,NA,NA,NA,NA,NA,NA
94846,AnPhA-S216-01,AnPhA,S216,01,5,5,3.5,5,5,5,3,5,5,5,4,5,5,5,2016-01-25T15:10:00Z,NA,NA,NA,NA,NA,NA
94869,FrScA-S216-01,FrScA,S216,01,3.4,2.3333333333333335,3,3,4,2,2,3,4,3,4,4,2,2,2016-02-09T13:11:00Z,NA,NA,NA,NA,NA,NA
94872,AnPhA-S216-01,AnPhA,S216,01,5,5,5,5,5,5,5,5,5,5,5,5,5,5,2016-02-02T14:51:00Z,NA,NA,NA,NA,NA,NA
94876,OcnA-S216-02,OcnA,S216,02,4,4,3,4,4,4,2,4,4,4,4,4,4,4,2016-02-24T18:56:00Z,NA,NA,NA,NA,NA,NA
94898,AnPhA-S216-02,AnPhA,S216,02,5,5,4.5,5,5,5,4,5,5,5,5,5,5,5,2016-01-26T15:03:00Z,NA,NA,NA,NA,NA,NA
94903,AnPhA-S216-02,AnPhA,S216,02,4.4,4.333333333333333,3.5,4.285714285714286,4,4,3,5,5,5,4,4,4,4,2016-01-25T16:09:00Z,NA,NA,NA,NA,NA,NA
94956,OcnA-S216-01,OcnA,S216,01,4.8,3.6666666666666665,4,4.285714285714286,5,4,3,5,5,4,5,5,3,4,2016-02-09T18:23:00Z,NA,NA,NA,NA,NA,NA
94970,PhysA-S216-01,PhysA,S216,01,4,3.6666666666666665,3.5,3.857142857142857,4,4,3,4,4,4,4,4,3,4,2016-01-25T14:54:00Z,NA,NA,NA,NA,NA,NA
95005,FrScA-S216-01,FrScA,S216,01,4.2,3.6666666666666665,3.5,4,4,3,3,4,4,4,4,5,4,4,2016-02-01T23:10:00Z,NA,NA,NA,NA,NA,NA
95014,AnPhA-S216-01,AnPhA,S216,01,5,5,5,5,5,5,5,5,5,5,5,5,5,5,2016-01-25T18:33:00Z,NA,NA,NA,NA,NA,NA
95017,AnPhA-S216-02,AnPhA,S216,02,5,3.6666666666666665,4,4.428571428571429,5,3,4,5,5,4,4,5,4,5,2016-01-26T14:11:00Z,NA,NA,NA,NA,NA,NA
95041,AnPhA-S216-02,AnPhA,S216,02,5,5,3.5,5,5,5,3,5,5,5,4,5,5,5,2016-02-01T17:24:00Z,NA,NA,NA,NA,NA,NA
95045,FrScA-S216-01,FrScA,S216,01,2.6,1.6666666666666667,2,2.2857142857142856,3,2,1,2,3,2,3,4,1,1,2016-01-25T14:51:00Z,NA,NA,NA,NA,NA,NA
95091,OcnA-S216-01,OcnA,S216,01,5,4.666666666666667,4.5,4.857142857142857,5,4,4,5,5,5,5,5,5,5,2016-01-26T18:44:00Z,NA,NA,NA,NA,NA,NA
95114,AnPhA-S216-01,AnPhA,S216,01,5,4.666666666666667,3,4.857142857142857,5,5,3,5,5,5,3,5,4,5,2016-01-25T14:31:00Z,NA,NA,NA,NA,NA,NA
95165,FrScA-S216-01,FrScA,S216,01,4,2,3.5,3.142857142857143,4,2,3,4,4,2,4,4,2,4,2016-01-25T14:13:00Z,NA,NA,NA,NA,NA,NA
95264,AnPhA-S216-02,AnPhA,S216,02,3.8,3.6666666666666665,2.5,3.7142857142857144,4,3,2,4,4,5,3,4,3,3,2016-01-25T15:18:00Z,NA,NA,NA,NA,NA,NA
95266,PhysA-S216-01,PhysA,S216,01,4,4.666666666666667,3.5,4.285714285714286,4,5,3,4,4,5,4,4,4,4,2016-01-26T03:39:00Z,NA,NA,NA,NA,NA,NA
95283,AnPhA-S216-01,AnPhA,S216,01,5,3.6666666666666665,4,4.428571428571429,5,3,4,5,5,4,4,5,4,5,2016-01-26T01:56:00Z,NA,NA,NA,NA,NA,NA
95360,FrScA-S216-01,FrScA,S216,01,4.6,2,4,3.5714285714285716,5,2,4,4,5,2,4,5,2,4,2016-02-02T15:53:00Z,NA,NA,NA,NA,NA,NA
95368,OcnA-S216-02,OcnA,S216,02,5,4.333333333333333,4.5,4.714285714285714,5,4,5,5,5,5,4,5,4,5,2016-02-05T17:46:00Z,NA,NA,NA,NA,NA,NA
95375,OcnA-S216-02,OcnA,S216,02,4.6,3.6666666666666665,4,4.142857142857143,5,4,3,5,5,4,5,4,3,4,2016-01-26T17:29:00Z,NA,NA,NA,NA,NA,NA
95377,AnPhA-S216-02,AnPhA,S216,02,5,5,5,5,5,5,5,5,5,5,5,5,5,5,2016-01-26T14:22:00Z,NA,NA,NA,NA,NA,NA
95449,FrScA-S216-01,FrScA,S216,01,5,4,4,4.571428571428571,5,4,4,5,5,4,4,5,4,5,2016-01-26T20:43:00Z,NA,NA,NA,NA,NA,NA
95476,FrScA-S216-02,FrScA,S216,02,5,5,4.5,5,5,5,4,5,5,5,5,5,5,5,2016-01-27T13:19:00Z,NA,NA,NA,NA,NA,NA
95485,FrScA-S216-01,FrScA,S216,01,4.2,5,3,5,5,5,5,1,5,5,1,5,5,5,2016-02-02T18:12:00Z,NA,NA,NA,NA,NA,NA
95504,OcnA-S216-01,OcnA,S216,01,5,5,4.5,5,5,5,4,5,5,5,5,5,5,5,2016-02-02T18:55:00Z,NA,NA,NA,NA,NA,NA
95533,OcnA-S216-01,OcnA,S216,01,3.2,2.3333333333333335,NA,2.857142857142857,2,2,NA,3,1,3,4,5,2,5,2016-02-08T17:46:00Z,NA,NA,NA,NA,NA,NA
95545,AnPhA-S216-01,AnPhA,S216,01,4.6,4.333333333333333,3,4.428571428571429,5,5,3,5,4,4,3,4,4,5,2016-02-08T18:07:00Z,NA,NA,NA,NA,NA,NA
95578,PhysA-S216-01,PhysA,S216,01,3.6,4.666666666666667,2.5,4.142857142857143,3,4,2,3,4,5,3,4,5,4,2016-02-03T13:08:00Z,NA,NA,NA,NA,NA,NA
95594,AnPhA-S216-01,AnPhA,S216,01,4.6,4.666666666666667,3.5,4.571428571428571,4,5,3,5,4,5,4,5,4,5,2016-02-20T04:04:00Z,NA,NA,NA,NA,NA,NA
95601,AnPhA-S216-01,AnPhA,S216,01,4.6,5,4.5,4.714285714285714,5,5,4,5,4,5,5,5,5,4,2016-02-01T01:53:00Z,NA,NA,NA,NA,NA,NA
95618,AnPhA-S216-01,AnPhA,S216,01,4.4,5,3.5,4.571428571428571,4,5,3,5,4,5,4,5,5,4,2016-02-03T18:34:00Z,NA,NA,NA,NA,NA,NA
95620,AnPhA-S216-01,AnPhA,S216,01,4.8,4.333333333333333,4,4.571428571428571,5,4,3,5,5,5,5,5,4,4,2016-02-12T19:00:00Z,NA,NA,NA,NA,NA,NA
95624,OcnA-S216-02,OcnA,S216,02,4,3,3.5,3.5714285714285716,4,2,3,4,4,3,4,4,4,4,2016-01-25T19:15:00Z,NA,NA,NA,NA,NA,NA
95633,FrScA-S216-01,FrScA,S216,01,4,3.3333333333333335,3,3.7142857142857144,4,3,2,4,4,4,4,4,3,4,2016-02-01T15:01:00Z,NA,NA,NA,NA,NA,NA
95634,AnPhA-S216-01,AnPhA,S216,01,NA,3.3333333333333335,3.5,3.7142857142857144,4,4,3,NA,4,3,4,4,3,4,2016-02-13T18:15:00Z,NA,NA,NA,NA,NA,NA
95658,BioA-S216-01,BioA,S216,01,3.6,3.3333333333333335,3,3.5714285714285716,4,3,2,3,3,3,4,4,4,4,2016-01-26T19:30:00Z,NA,NA,NA,NA,NA,NA
95684,FrScA-S216-01,FrScA,S216,01,3.8,3.6666666666666665,3,3.7142857142857144,4,3,3,4,4,5,3,4,3,3,2016-01-29T17:38:00Z,NA,NA,NA,NA,NA,NA
95707,BioA-S216-01,BioA,S216,01,3.2,2.6666666666666665,2,3,3,2,2,3,4,4,2,4,2,2,2016-01-27T16:14:00Z,NA,NA,NA,NA,NA,NA
95725,OcnA-S216-01,OcnA,S216,01,3.4,3.3333333333333335,2.5,3.142857142857143,3,4,3,5,3,3,2,3,3,3,2016-01-28T16:48:00Z,NA,NA,NA,NA,NA,NA
95726,FrScA-S216-01,FrScA,S216,01,4.2,3,3.5,3.7142857142857144,5,3,3,4,4,3,4,4,3,4,2016-02-05T16:28:00Z,NA,NA,NA,NA,NA,NA
95738,OcnA-S216-01,OcnA,S216,01,4.8,4.666666666666667,4.5,4.857142857142857,5,5,5,4,5,4,4,5,5,5,2016-01-27T13:27:00Z,NA,NA,NA,NA,NA,NA
95743,FrScA-S216-01,FrScA,S216,01,4.8,3.3333333333333335,4,4.142857142857143,4,3,3,5,5,4,5,5,3,5,2016-01-26T15:09:00Z,NA,NA,NA,NA,NA,NA
95770,OcnA-S216-01,OcnA,S216,01,3.6,3,2.5,3.2857142857142856,4,3,2,4,3,3,3,4,3,3,2016-02-08T18:37:00Z,NA,NA,NA,NA,NA,NA
95868,OcnA-S216-02,OcnA,S216,02,4,3.6666666666666665,3,3.857142857142857,4,3,3,4,4,4,3,4,4,4,2016-01-27T18:36:00Z,NA,NA,NA,NA,NA,NA
95896,FrScA-S216-01,FrScA,S216,01,4,2.6666666666666665,2.5,3.4285714285714284,4,2,1,4,4,3,4,4,3,4,2016-02-11T18:25:00Z,NA,NA,NA,NA,NA,NA
95915,AnPhA-S216-01,AnPhA,S216,01,3.8,3,3,3.4285714285714284,4,3,2,4,3,3,4,4,3,4,2016-02-29T17:52:00Z,NA,NA,NA,NA,NA,NA
95919,AnPhA-S216-02,AnPhA,S216,02,5,5,4,5,5,5,4,5,5,5,4,5,5,5,2016-01-30T00:20:00Z,NA,NA,NA,NA,NA,NA
95921,OcnA-S216-02,OcnA,S216,02,4.6,4,4,4.428571428571429,4,4,3,4,5,4,5,5,4,5,2016-02-01T16:49:00Z,NA,NA,NA,NA,NA,NA
95923,FrScA-S216-02,FrScA,S216,02,4.2,3.3333333333333335,3,3.857142857142857,5,4,3,4,4,4,3,4,2,4,2016-01-27T15:23:00Z,NA,NA,NA,NA,NA,NA
95925,FrScA-S216-02,FrScA,S216,02,5,3.6666666666666665,3,4.428571428571429,5,4,3,5,5,3,3,5,4,5,2016-01-27T16:40:00Z,NA,NA,NA,NA,NA,NA
95957,AnPhA-S216-01,AnPhA,S216,01,5,5,5,5,5,5,5,5,5,5,5,5,5,5,2016-02-01T14:51:00Z,NA,NA,NA,NA,NA,NA
95989,FrScA-S216-01,FrScA,S216,01,4,4.333333333333333,3.5,4.142857142857143,4,4,3,4,4,5,4,4,4,4,2016-01-28T18:05:00Z,NA,NA,NA,NA,NA,NA
95991,FrScA-S216-01,FrScA,S216,01,5,4.666666666666667,4.5,4.857142857142857,5,4,4,5,5,5,5,5,5,5,2016-01-27T15:28:00Z,NA,NA,NA,NA,NA,NA
96027,PhysA-S216-01,PhysA,S216,01,3.8,4.333333333333333,3.5,4,4,4,3,4,4,4,4,4,5,3,2016-05-16T16:55:00Z,NA,NA,NA,NA,NA,NA
96048,FrScA-S216-04,FrScA,S216,04,4,2,3.5,3.142857142857143,5,2,3,4,4,2,4,4,2,3,2016-02-01T19:08:00Z,NA,NA,NA,NA,NA,NA
96082,FrScA-S216-02,FrScA,S216,02,3.6,3.6666666666666665,3.5,3.5714285714285716,4,4,3,4,4,4,4,3,3,3,2016-02-23T15:27:00Z,NA,NA,NA,NA,NA,NA
96090,PhysA-S216-01,PhysA,S216,01,3.2,3.3333333333333335,2.5,3.2857142857142856,3,4,2,3,3,3,3,3,3,4,2016-02-06T13:42:00Z,NA,NA,NA,NA,NA,NA
96121,OcnA-S216-01,OcnA,S216,01,4.2,3.6666666666666665,3.5,4,4,3,4,4,4,4,3,4,4,5,2016-02-09T17:44:00Z,NA,NA,NA,NA,NA,NA
96134,FrScA-S216-02,FrScA,S216,02,5,3.3333333333333335,4.5,4.285714285714286,5,3,4,5,5,4,5,5,3,5,2016-01-28T18:04:00Z,NA,NA,NA,NA,NA,NA
96142,FrScA-S216-02,FrScA,S216,02,4.4,3.3333333333333335,3.5,4,4,3,3,4,5,4,4,5,3,4,2016-01-28T17:25:00Z,NA,NA,NA,NA,NA,NA
96189,FrScA-S216-02,FrScA,S216,02,4.8,3.3333333333333335,2.5,4.142857142857143,5,3,2,5,5,4,3,4,3,5,2016-02-04T17:53:00Z,NA,NA,NA,NA,NA,NA
96228,AnPhA-S216-01,AnPhA,S216,01,4.2,4,2.5,4.142857142857143,4,4,3,4,4,4,2,5,4,4,2016-01-30T18:18:00Z,NA,NA,NA,NA,NA,NA
96280,FrScA-S216-02,FrScA,S216,02,4.2,3.6666666666666665,3,4,4,3,3,4,4,4,3,4,4,5,2016-02-09T02:42:00Z,NA,NA,NA,NA,NA,NA
96345,OcnA-S216-01,OcnA,S216,01,4.4,4,4.5,4.142857142857143,5,4,4,5,4,4,5,4,4,4,2016-02-05T04:22:00Z,NA,NA,NA,NA,NA,NA
96373,OcnA-S216-01,OcnA,S216,01,2.2,1,3.5,1.7142857142857142,2,1,2,2,3,1,5,3,1,1,2016-02-02T19:05:00Z,NA,NA,NA,NA,NA,NA
96374,OcnA-S216-01,OcnA,S216,01,4,3.6666666666666665,3.5,3.857142857142857,4,3,3,4,4,4,4,4,4,4,2016-02-01T13:04:00Z,NA,NA,NA,NA,NA,NA
96414,FrScA-S216-02,FrScA,S216,02,4.8,3.3333333333333335,3.5,4.142857142857143,5,3,3,5,5,4,4,4,3,5,2016-02-01T14:12:00Z,NA,NA,NA,NA,NA,NA
96433,FrScA-S216-02,FrScA,S216,02,4,3,3,3.5714285714285716,4,3,3,4,4,3,3,4,3,4,2016-02-06T03:13:00Z,NA,NA,NA,NA,NA,NA
96472,PhysA-S216-01,PhysA,S216,01,4.2,3.6666666666666665,2.5,4,4,4,3,4,4,4,2,4,3,5,2016-01-29T13:28:00Z,NA,NA,NA,NA,NA,NA
96590,PhysA-S216-01,PhysA,S216,01,2.2,2,2,2.142857142857143,3,2,2,2,2,2,2,2,2,2,2016-02-03T13:25:00Z,NA,NA,NA,NA,NA,NA
96671,OcnA-S216-01,OcnA,S216,01,4.4,3,4,3.7142857142857144,4,3,4,5,5,3,4,4,3,4,2016-02-10T18:46:00Z,NA,NA,NA,NA,NA,NA
96677,AnPhA-S216-01,AnPhA,S216,01,4.2,4.333333333333333,4,4.285714285714286,5,5,4,4,4,4,4,4,4,4,2016-02-02T16:17:00Z,NA,NA,NA,NA,NA,NA
96680,AnPhA-S216-01,AnPhA,S216,01,3.8,3.6666666666666665,2.5,3.7142857142857144,4,3,2,4,3,4,3,4,4,4,2016-03-23T16:11:00Z,NA,NA,NA,NA,NA,NA
96689,OcnA-S216-01,OcnA,S216,01,4.4,3,4,3.857142857142857,4,4,3,4,4,3,5,5,2,5,2016-02-03T18:07:00Z,NA,NA,NA,NA,NA,NA
96690,AnPhA-S216-01,AnPhA,S216,01,5,5,5,5,5,5,5,5,5,5,5,5,5,5,2016-02-05T18:13:00Z,NA,NA,NA,NA,NA,NA
96720,AnPhA-S216-01,AnPhA,S216,01,3.6,4.333333333333333,3,3.857142857142857,4,4,2,4,2,4,4,4,5,4,2016-02-29T13:24:00Z,NA,NA,NA,NA,NA,NA
96756,OcnA-S216-01,OcnA,S216,01,3.8,3.6666666666666665,3,3.7142857142857144,3,3,2,4,4,4,4,4,4,4,2016-02-10T17:35:00Z,NA,NA,NA,NA,NA,NA
96769,FrScA-S216-02,FrScA,S216,02,4.8,5,4.5,5,5,5,5,4,5,5,4,5,5,5,2016-02-04T12:58:00Z,NA,NA,NA,NA,NA,NA
96808,PhysA-S216-01,PhysA,S216,01,NA,3.3333333333333335,3,NA,3,3,3,2,4,4,3,NA,3,4,2016-02-11T15:32:00Z,NA,NA,NA,NA,NA,NA
96826,AnPhA-S216-02,AnPhA,S216,02,4,4,3.5,4,4,4,3,4,4,4,4,4,4,4,2016-02-03T15:22:00Z,NA,NA,NA,NA,NA,NA
96841,FrScA-S216-02,FrScA,S216,02,5,3,3.5,4.142857142857143,5,3,2,5,5,3,5,5,3,5,2016-02-09T17:32:00Z,NA,NA,NA,NA,NA,NA
96853,AnPhA-S216-01,AnPhA,S216,01,4.8,5,5,4.857142857142857,5,5,5,5,4,5,5,5,5,5,2016-02-04T17:52:00Z,NA,NA,NA,NA,NA,NA
96854,AnPhA-S216-01,AnPhA,S216,01,5,4.333333333333333,5,4.714285714285714,5,4,5,5,5,4,5,5,5,5,2016-02-04T17:50:00Z,NA,NA,NA,NA,NA,NA
96856,OcnA-S216-01,OcnA,S216,01,4,3.3333333333333335,2.5,3.7142857142857144,4,3,2,4,4,4,3,4,3,4,2016-02-16T12:23:00Z,NA,NA,NA,NA,NA,NA
96867,PhysA-S216-01,PhysA,S216,01,3.6,3.6666666666666665,3.5,3.7142857142857144,4,4,3,3,4,5,4,4,2,3,2016-02-13T15:20:00Z,NA,NA,NA,NA,NA,NA
96871,AnPhA-S216-02,AnPhA,S216,02,4.6,4,4,4.285714285714286,5,4,4,5,4,4,4,4,4,5,2016-02-23T16:11:00Z,NA,NA,NA,NA,NA,NA
96950,BioA-S216-01,BioA,S216,01,4,4,3.5,4.285714285714286,4,3,3,2,5,5,4,5,4,4,2016-02-24T13:29:00Z,NA,NA,NA,NA,NA,NA
96959,AnPhA-S216-01,AnPhA,S216,01,4.6,4.333333333333333,4,4.571428571428571,5,4,3,4,5,5,5,5,4,4,2016-02-16T04:01:00Z,NA,NA,NA,NA,NA,NA
96994,AnPhA-S216-01,AnPhA,S216,01,5,5,4.5,5,5,5,5,5,5,5,4,5,5,5,2016-02-27T22:06:00Z,NA,NA,NA,NA,NA,NA
97006,OcnA-S216-01,OcnA,S216,01,2.8,2.3333333333333335,3.5,2.5714285714285716,3,2,3,3,3,3,4,3,2,2,2016-02-09T00:41:00Z,NA,NA,NA,NA,NA,NA
97150,PhysA-S216-01,PhysA,S216,01,4,3.3333333333333335,2,3.5714285714285716,4,3,1,5,4,4,3,4,3,3,2016-02-24T18:05:00Z,NA,NA,NA,NA,NA,NA
97265,PhysA-S216-01,PhysA,S216,01,5,5,5,5,5,5,5,5,5,5,5,5,5,5,2016-05-24T15:53:00Z,NA,NA,NA,NA,NA,NA
97272,OcnA-S216-01,OcnA,S216,01,4,4,3.5,3.857142857142857,4,4,2,5,5,4,5,4,4,2,2016-03-03T15:57:00Z,NA,NA,NA,NA,NA,NA
97374,BioA-S216-01,BioA,S216,01,2.4,2.6666666666666665,2.5,2.2857142857142856,2,3,2,4,2,3,3,2,2,2,2016-03-09T14:07:00Z,NA,NA,NA,NA,NA,NA
97386,BioA-S216-01,BioA,S216,01,3.8,3.3333333333333335,4,3.5714285714285716,4,3,3,4,4,4,5,4,3,3,2016-02-23T17:27:00Z,NA,NA,NA,NA,NA,NA
97441,FrScA-S216-02,FrScA,S216,02,4.4,NA,3,NA,5,4,3,5,4,4,3,3,NA,5,2016-04-21T15:36:00Z,NA,NA,NA,NA,NA,NA
010,FrScA-S217-01,FrScA,S217,01,4.6,3.6666666666666665,3,4.25,5,3,2,5,4,4,4,4,4,5,NA,NA,NA,NA,NA,NA,2017-01-29T18:08:00Z
011,AnPhA-S217-01,AnPhA,S217,01,5,4,4.5,4.625,5,4,4,5,5,5,5,5,3,5,NA,NA,NA,NA,NA,NA,2017-02-09T15:18:00Z
012,OcnA-S217-01,OcnA,S217,01,4.8,4.5,4,4.714285714285714,5,NA,4,4,5,5,4,5,4,5,NA,NA,NA,NA,NA,NA,2017-02-09T04:21:00Z
013,FrScA-S217-01,FrScA,S217,01,4.2,3.6666666666666665,3,4,4,3,3,4,5,4,3,4,4,4,NA,NA,NA,NA,NA,NA,2017-01-23T13:25:00Z
014,FrScA-S217-01,FrScA,S217,01,3.6,3,4,3.375,4,3,3,3,4,3,5,4,3,3,NA,NA,NA,NA,NA,NA,2017-01-28T20:02:00Z
018,FrScA-S217-01,FrScA,S217,01,4,3,3,3.625,4,3,3,4,4,3,3,5,3,3,NA,NA,NA,NA,NA,NA,2017-01-23T21:33:00Z
019,FrScA-S217-02,FrScA,S217,02,4.6,2.6666666666666665,3,3.875,5,2,3,5,4,4,3,4,2,5,NA,NA,NA,NA,NA,NA,2017-01-23T21:05:00Z
019,OcnA-S217-01,OcnA,S217,01,4.4,3.3333333333333335,3.5,4,4,3,3,4,4,4,4,5,3,5,NA,NA,NA,NA,NA,NA,2017-02-09T18:45:00Z
020,FrScA-S217-01,FrScA,S217,01,5,4.333333333333333,4.5,4.75,5,4,4,5,5,5,5,5,4,5,NA,NA,NA,NA,NA,NA,2017-01-23T16:34:00Z
023,FrScA-S217-02,FrScA,S217,02,4.25,4,3,4.142857142857143,4,3,4,NA,4,5,2,4,4,5,NA,NA,NA,NA,NA,NA,2017-01-23T22:47:00Z
024,OcnA-S217-01,OcnA,S217,01,5,4.666666666666667,4,4.875,5,4,3,5,5,5,5,5,5,5,NA,NA,NA,NA,NA,NA,2017-02-01T00:08:00Z
031,FrScA-S217-01,FrScA,S217,01,5,3.3333333333333335,2,4.375,5,3,3,5,5,5,1,5,2,5,NA,NA,NA,NA,NA,NA,2017-01-23T15:53:00Z
031,FrScA-S217-02,FrScA,S217,02,3.8,3,3.5,3.5,4,3,3,4,3,3,4,3,3,5,NA,NA,NA,NA,NA,NA,2017-01-24T18:11:00Z
032,FrScA-S217-03,FrScA,S217,03,4,3,3.5,3.625,4,3,3,4,4,3,4,4,3,4,NA,NA,NA,NA,NA,NA,2017-01-25T13:14:00Z
033,FrScA-S217-01,FrScA,S217,01,5,4,4.5,4.625,5,4,4,5,5,4,5,5,4,5,NA,NA,NA,NA,NA,NA,2017-01-24T01:54:00Z
033,FrScA-S217-02,FrScA,S217,02,4,4.333333333333333,4,4.125,5,5,3,3,4,4,5,4,4,4,NA,NA,NA,NA,NA,NA,2017-01-24T12:37:00Z
040,FrScA-S217-03,FrScA,S217,03,3.8,3.6666666666666665,4,3.75,4,4,4,4,4,4,4,3,3,4,NA,NA,NA,NA,NA,NA,2017-02-09T14:56:00Z
040,FrScA-S217-02,FrScA,S217,02,5,3.6666666666666665,2,4.5,5,3,2,5,5,3,2,5,5,5,NA,NA,NA,NA,NA,NA,2017-01-23T14:32:00Z
041,FrScA-S217-03,FrScA,S217,03,5,3.6666666666666665,4,4.5,5,4,3,5,5,4,5,5,3,5,NA,NA,NA,NA,NA,NA,2017-02-10T13:31:00Z
041,FrScA-S217-03,FrScA,S217,03,4.8,4.666666666666667,4.5,4.75,5,5,4,5,4,5,5,5,4,5,NA,NA,NA,NA,NA,NA,2017-02-10T14:47:00Z
042,FrScA-S217-01,FrScA,S217,01,4.4,3.3333333333333335,3,4,5,4,3,4,4,3,3,4,3,5,NA,NA,NA,NA,NA,NA,2017-01-24T17:23:00Z
046,FrScA-S217-01,FrScA,S217,01,4,3.6666666666666665,3.5,3.875,4,3,3,4,4,4,4,4,4,4,NA,NA,NA,NA,NA,NA,2017-02-09T14:20:00Z
048,AnPhA-S217-01,AnPhA,S217,01,4.6,4,4.5,4.375,4,4,4,5,5,4,5,5,4,4,NA,NA,NA,NA,NA,NA,2017-01-23T14:28:00Z
049,FrScA-S217-02,FrScA,S217,02,4,3.3333333333333335,3,3.75,4,3,3,4,4,3,3,4,4,4,NA,NA,NA,NA,NA,NA,2017-01-23T16:52:00Z
064,FrScA-S217-02,FrScA,S217,02,3.6,2.3333333333333335,3.5,3.125,4,2,3,4,4,3,4,4,2,2,NA,NA,NA,NA,NA,NA,2017-01-23T17:45:00Z
064,FrScA-S217-02,FrScA,S217,02,5,3.6666666666666665,3.5,4.5,5,3,3,5,5,4,4,5,4,5,NA,NA,NA,NA,NA,NA,2017-01-23T15:59:00Z
068,OcnA-S217-01,OcnA,S217,01,4.2,3.6666666666666665,3.5,4,4,4,3,5,4,4,4,4,3,4,NA,NA,NA,NA,NA,NA,2017-02-09T17:46:00Z
069,FrScA-S217-01,FrScA,S217,01,5,2.3333333333333335,3.5,4,5,3,2,5,5,2,5,5,2,5,NA,NA,NA,NA,NA,NA,2017-02-10T01:57:00Z
070,OcnA-S217-03,OcnA,S217,03,4,3.3333333333333335,3,3.75,4,3,3,4,4,3,3,4,4,4,NA,NA,NA,NA,NA,NA,2017-02-02T19:39:00Z
071,FrScA-S217-01,FrScA,S217,01,3.4,2,1.5,2.875,3,2,1,3,4,2,2,3,2,4,NA,NA,NA,NA,NA,NA,2017-01-23T15:32:00Z
072,AnPhA-S217-02,AnPhA,S217,02,4.2,4.333333333333333,3.5,4.25,4,5,3,5,4,4,4,4,4,4,NA,NA,NA,NA,NA,NA,2017-02-01T17:09:00Z
075,AnPhA-S217-01,AnPhA,S217,01,4.4,4,4,4.25,4,5,3,5,4,4,5,4,3,5,NA,NA,NA,NA,NA,NA,2017-02-08T13:04:00Z
080,FrScA-S217-03,FrScA,S217,03,4.4,4.666666666666667,4,4.5,4,5,3,5,4,5,5,4,4,5,NA,NA,NA,NA,NA,NA,2017-02-10T15:54:00Z
081,AnPhA-S217-02,AnPhA,S217,02,5,5,4,5,5,5,3,5,5,5,5,5,5,5,NA,NA,NA,NA,NA,NA,2017-01-23T15:04:00Z
081,PhysA-S217-01,PhysA,S217,01,5,4.333333333333333,4,4.75,5,5,4,5,5,4,4,5,4,5,NA,NA,NA,NA,NA,NA,2017-02-03T15:23:00Z
103,OcnA-S217-01,OcnA,S217,01,4.2,3.6666666666666665,4,4,4,3,4,4,4,4,4,4,4,5,NA,NA,NA,NA,NA,NA,2017-02-03T19:25:00Z
104,OcnA-S217-03,OcnA,S217,03,4.2,3.6666666666666665,4,4,4,3,4,5,4,5,4,4,3,4,NA,NA,NA,NA,NA,NA,2017-01-23T14:07:00Z
105,FrScA-S217-02,FrScA,S217,02,4.8,3.6666666666666665,4,4.375,5,4,4,5,4,4,4,5,3,5,NA,NA,NA,NA,NA,NA,2017-01-25T15:27:00Z
111,FrScA-S217-01,FrScA,S217,01,3,2,3.5,2.625,4,2,3,3,3,2,4,3,2,2,NA,NA,NA,NA,NA,NA,2017-01-23T14:50:00Z
127,FrScA-S217-01,FrScA,S217,01,5,2.3333333333333335,4,4,5,2,3,5,5,3,5,5,2,5,NA,NA,NA,NA,NA,NA,2017-01-24T12:59:00Z
127,FrScA-S217-01,FrScA,S217,01,4.2,3,4,3.75,5,3,3,4,4,3,5,5,3,3,NA,NA,NA,NA,NA,NA,2017-02-03T21:42:00Z
128,AnPhA-S217-02,AnPhA,S217,02,4.4,4,4,4.25,4,4,3,5,5,4,5,4,4,4,NA,NA,NA,NA,NA,NA,2017-01-23T15:19:00Z
128,FrScA-S217-02,FrScA,S217,02,4.8,3.6666666666666665,4.5,4.375,5,4,5,5,4,4,4,5,3,5,NA,NA,NA,NA,NA,NA,2017-01-23T15:25:00Z
128,FrScA-S217-02,FrScA,S217,02,NA,NA,NA,NA,NA,NA,NA,NA,NA,NA,NA,NA,NA,NA,NA,NA,NA,NA,NA,NA,NA
129,OcnA-S217-01,OcnA,S217,01,4.8,4,4,4.5,5,3,4,5,5,5,4,4,4,5,NA,NA,NA,NA,NA,NA,2017-01-23T15:00:00Z
129,OcnA-S217-01,OcnA,S217,01,4.4,3,3,3.875,5,3,3,5,4,3,3,5,3,3,NA,NA,NA,NA,NA,NA,2017-01-25T15:06:00Z
131,AnPhA-S217-02,AnPhA,S217,02,5,4,4.5,4.625,5,4,4,5,5,4,5,5,4,5,NA,NA,NA,NA,NA,NA,2017-01-23T16:30:00Z
132,FrScA-S217-01,FrScA,S217,01,3.8,2.6666666666666665,4,3.375,4,3,3,4,4,3,5,4,2,3,NA,NA,NA,NA,NA,NA,2017-02-09T18:47:00Z
132,FrScA-S217-03,FrScA,S217,03,NA,NA,NA,NA,NA,NA,NA,NA,NA,NA,NA,NA,NA,NA,NA,NA,NA,NA,NA,NA,NA
132,OcnA-S217-03,OcnA,S217,03,4.4,3.6666666666666665,3.5,4.125,5,4,3,5,3,4,4,5,3,4,NA,NA,NA,NA,NA,NA,2017-01-23T15:37:00Z
132,FrScA-S217-02,FrScA,S217,02,4.8,3.6666666666666665,3,4.375,5,3,3,4,5,5,3,5,3,5,NA,NA,NA,NA,NA,NA,2017-01-23T13:30:00Z
132,OcnA-S217-01,OcnA,S217,01,4.2,2.3333333333333335,3,3.5,5,3,2,4,4,2,4,5,2,3,NA,NA,NA,NA,NA,NA,2017-02-09T13:44:00Z
132,OcnA-S217-01,OcnA,S217,01,4.8,4.333333333333333,3.5,4.625,5,4,3,5,4,5,4,5,4,5,NA,NA,NA,NA,NA,NA,2017-02-09T18:35:00Z
133,AnPhA-S217-01,AnPhA,S217,01,5,5,4.5,5,5,5,4,5,5,5,5,5,5,5,NA,NA,NA,NA,NA,NA,2017-02-06T15:46:00Z
133,OcnA-S217-01,OcnA,S217,01,4.6,4,5,4.375,4,4,5,5,5,4,5,5,4,4,NA,NA,NA,NA,NA,NA,2017-02-09T13:39:00Z
133,FrScA-S217-01,FrScA,S217,01,5,4.333333333333333,4.5,4.75,5,4,4,5,5,4,5,5,5,5,NA,NA,NA,NA,NA,NA,2017-01-24T13:35:00Z
134,FrScA-S217-02,FrScA,S217,02,5,5,4.5,5,5,5,4,5,5,5,5,5,5,5,NA,NA,NA,NA,NA,NA,2017-01-25T18:43:00Z
134,AnPhA-S217-01,AnPhA,S217,01,4.4,4.666666666666667,3,4.5,5,5,3,4,4,5,3,4,4,5,NA,NA,NA,NA,NA,NA,2017-01-23T22:13:00Z
134,PhysA-S217-01,PhysA,S217,01,4.8,3.6666666666666665,4.5,4.375,5,3,4,4,5,5,5,5,3,5,NA,NA,NA,NA,NA,NA,2017-01-30T14:41:00Z
134,AnPhA-S217-01,AnPhA,S217,01,5,4.666666666666667,4.5,4.875,5,5,4,5,5,5,5,5,4,5,NA,NA,NA,NA,NA,NA,2017-02-10T15:25:00Z
134,FrScA-S217-02,FrScA,S217,02,4.2,3.6666666666666665,3.5,4,5,3,3,3,5,4,4,4,4,4,NA,NA,NA,NA,NA,NA,2017-01-23T15:27:00Z
134,FrScA-S217-02,FrScA,S217,02,4.8,3.6666666666666665,3.5,4.375,5,3,3,5,4,4,4,5,4,5,NA,NA,NA,NA,NA,NA,2017-01-24T01:40:00Z
135,FrScA-S217-02,FrScA,S217,02,4.8,4,4,4.5,5,4,3,5,4,4,5,5,4,5,NA,NA,NA,NA,NA,NA,2017-01-24T13:02:00Z
135,AnPhA-S217-01,AnPhA,S217,01,4.4,4.333333333333333,3,4.375,4,5,2,5,4,5,4,4,3,5,NA,NA,NA,NA,NA,NA,2017-01-26T14:53:00Z
135,AnPhA-S217-01,AnPhA,S217,01,4.2,5,3.5,4.5,4,5,3,5,4,5,4,4,5,4,NA,NA,NA,NA,NA,NA,2017-02-06T13:38:00Z
135,AnPhA-S217-01,AnPhA,S217,01,4.2,5,3,4.5,5,5,3,4,4,5,3,4,5,4,NA,NA,NA,NA,NA,NA,2017-01-30T17:58:00Z
135,FrScA-S217-02,FrScA,S217,02,4.2,4,3.5,4.125,4,4,4,5,4,4,3,4,4,4,NA,NA,NA,NA,NA,NA,2017-01-24T18:03:00Z
135,FrScA-S217-02,FrScA,S217,02,4.4,4,3.5,4.25,4,4,3,5,5,4,4,4,4,4,NA,NA,NA,NA,NA,NA,2017-01-23T17:05:00Z
136,AnPhA-S217-01,AnPhA,S217,01,4.4,4.333333333333333,4.5,4.375,5,4,4,5,4,5,5,4,4,4,NA,NA,NA,NA,NA,NA,2017-02-09T13:03:00Z
136,FrScA-S217-02,FrScA,S217,02,5,4,4.5,4.625,5,4,4,5,5,4,5,5,4,5,NA,NA,NA,NA,NA,NA,2017-01-23T15:23:00Z
136,FrScA-S217-02,FrScA,S217,02,4.8,3.6666666666666665,3.5,4.375,5,4,3,5,5,4,4,5,3,4,NA,NA,NA,NA,NA,NA,2017-01-23T15:55:00Z
137,FrScA-S217-02,FrScA,S217,02,5,4.666666666666667,4.5,4.875,5,5,4,5,5,4,5,5,5,5,NA,NA,NA,NA,NA,NA,2017-01-24T19:28:00Z
138,FrScA-S217-03,FrScA,S217,03,5,3.6666666666666665,4,4.5,5,3,3,5,5,4,5,5,4,5,NA,NA,NA,NA,NA,NA,2017-01-30T16:35:00Z
139,FrScA-S217-01,FrScA,S217,01,4.4,4,4,4.25,5,3,3,5,4,4,5,4,5,4,NA,NA,NA,NA,NA,NA,2017-02-09T15:30:00Z
141,FrScA-S217-03,FrScA,S217,03,5,3.6666666666666665,3.5,4.428571428571429,NA,3,3,5,5,4,4,5,4,5,NA,NA,NA,NA,NA,NA,2017-01-30T18:27:00Z
141,AnPhA-S217-01,AnPhA,S217,01,5,4,4,4.625,5,4,4,5,5,4,4,5,4,5,NA,NA,NA,NA,NA,NA,2017-01-24T12:50:00Z
142,FrScA-S217-03,FrScA,S217,03,5,4,4,4.625,5,3,3,5,5,5,5,5,4,5,NA,NA,NA,NA,NA,NA,2017-01-27T18:08:00Z
143,OcnA-S217-02,OcnA,S217,02,4.6,3.6666666666666665,3,4.25,5,3,2,5,4,4,4,4,4,5,NA,NA,NA,NA,NA,NA,2017-01-25T03:23:00Z
144,FrScA-S217-03,FrScA,S217,03,5,3.6666666666666665,3.5,4.5,5,4,3,5,5,3,4,5,4,5,NA,NA,NA,NA,NA,NA,2017-02-09T17:23:00Z
145,FrScA-S217-03,FrScA,S217,03,4.6,3,5,4,4,3,5,5,5,3,5,4,3,5,NA,NA,NA,NA,NA,NA,2017-02-10T17:28:00Z
146,BioA-S217-01,BioA,S217,01,3,3.6666666666666665,2,3.25,3,4,2,3,3,4,2,3,3,3,NA,NA,NA,NA,NA,NA,2017-02-06T20:12:00Z
147,AnPhA-S217-01,AnPhA,S217,01,4.8,5,3.5,4.875,5,5,3,4,5,5,4,5,5,5,NA,NA,NA,NA,NA,NA,2017-02-09T14:21:00Z
147,BioA-S217-01,BioA,S217,01,3,3.3333333333333335,4,3.125,3,4,3,3,3,3,5,3,3,3,NA,NA,NA,NA,NA,NA,2017-02-09T19:15:00Z
149,AnPhA-S217-02,AnPhA,S217,02,5,5,3.5,5,5,5,3,5,5,5,4,5,5,5,NA,NA,NA,NA,NA,NA,2017-02-09T13:16:00Z
151,AnPhA-S217-02,AnPhA,S217,02,4.8,4.666666666666667,3.5,4.75,4,4,4,5,5,5,3,5,5,5,NA,NA,NA,NA,NA,NA,2017-02-06T17:45:00Z
151,OcnA-S217-01,OcnA,S217,01,4.6,3.6666666666666665,3.5,4.25,5,4,2,5,4,4,5,5,3,4,NA,NA,NA,NA,NA,NA,2017-02-09T15:13:00Z
151,OcnA-S217-02,OcnA,S217,02,4,3.6666666666666665,4,3.875,4,4,4,4,4,4,4,4,3,4,NA,NA,NA,NA,NA,NA,2017-01-31T13:27:00Z
152,PhysA-S217-01,PhysA,S217,01,3.6,4,3.5,3.75,4,4,4,2,4,4,3,4,4,4,NA,NA,NA,NA,NA,NA,2017-02-02T20:54:00Z
157,AnPhA-S217-02,AnPhA,S217,02,NA,NA,NA,NA,NA,NA,NA,NA,NA,NA,NA,NA,NA,NA,NA,NA,NA,NA,NA,NA,NA
158,OcnA-S217-01,OcnA,S217,01,4.2,4.666666666666667,3.5,4.375,4,5,3,5,5,5,4,4,4,3,NA,NA,NA,NA,NA,NA,2017-02-09T15:05:00Z
47,FrScA-S217-01,FrScA,S217,01,3.8,2.3333333333333335,2.5,3.25,4,2,2,4,4,3,3,4,2,3,NA,NA,NA,NA,NA,NA,2017-01-24T16:06:00Z
74,FrScA-S217-01,FrScA,S217,01,4.2,3.6666666666666665,4,4,4,4,3,4,5,4,5,4,3,4,NA,NA,NA,NA,NA,NA,2017-01-23T15:59:00Z
70,FrScA-S217-01,FrScA,S217,01,5,3.3333333333333335,4,4.375,5,3,3,5,5,4,5,5,3,5,NA,NA,NA,NA,NA,NA,2017-01-23T23:53:00Z
70,FrScA-S217-02,FrScA,S217,02,3.4,2.6666666666666665,3.5,3.125,3,2,3,3,4,3,4,4,3,3,NA,NA,NA,NA,NA,NA,2017-01-23T13:14:00Z
56,FrScA-S217-03,FrScA,S217,03,4.2,3.3333333333333335,3.5,3.875,5,3,3,4,4,4,4,4,3,4,NA,NA,NA,NA,NA,NA,2017-02-09T17:47:00Z
56,OcnA-S217-03,OcnA,S217,03,4,3,3,3.625,4,3,3,4,4,3,3,4,3,4,NA,NA,NA,NA,NA,NA,2017-01-23T15:32:00Z
60,FrScA-S217-03,FrScA,S217,03,4.2,3.3333333333333335,3.5,3.875,4,3,3,4,5,4,4,4,3,4,NA,NA,NA,NA,NA,NA,2017-01-26T18:40:00Z
60,FrScA-S217-01,FrScA,S217,01,5,4.333333333333333,3.5,4.75,5,4,3,5,5,5,4,5,4,5,NA,NA,NA,NA,NA,NA,2017-01-23T19:13:00Z
65,AnPhA-S217-01,AnPhA,S217,01,4,4,3,4,4,4,3,4,4,4,3,4,4,4,NA,NA,NA,NA,NA,NA,2017-01-24T15:31:00Z
66,FrScA-S217-02,FrScA,S217,02,4.8,3.6666666666666665,4,4.375,5,4,3,5,5,4,5,5,3,4,NA,NA,NA,NA,NA,NA,2017-01-24T19:58:00Z
66,FrScA-S217-01,FrScA,S217,01,4.4,3,3.5,3.875,4,3,3,5,4,4,4,5,2,4,NA,NA,NA,NA,NA,NA,2017-01-24T14:45:00Z
67,AnPhA-S217-02,AnPhA,S217,02,4.4,3.6666666666666665,4,4.125,4,3,3,5,5,5,5,4,3,4,NA,NA,NA,NA,NA,NA,2017-01-25T01:16:00Z
82,OcnA-S217-02,OcnA,S217,02,4.2,3.6666666666666665,4.5,4,4,3,4,5,4,4,5,4,4,4,NA,NA,NA,NA,NA,NA,2017-01-27T16:29:00Z
94,FrScA-S217-03,FrScA,S217,03,5,3.6666666666666665,4.5,4.5,5,1,4,5,5,5,5,5,5,5,NA,NA,NA,NA,NA,NA,2017-01-25T13:55:00Z
01,FrScA-S217-03,FrScA,S217,03,5,4.333333333333333,4,4.75,5,5,3,5,5,5,5,5,3,5,NA,NA,NA,NA,NA,NA,2017-01-26T02:13:00Z
10,OcnA-S217-01,OcnA,S217,01,5,5,3,5,5,5,3,5,5,5,3,5,5,5,NA,NA,NA,NA,NA,NA,2017-01-23T16:24:00Z
19,AnPhA-S217-02,AnPhA,S217,02,4.2,5,5,4.5,5,5,5,1,5,5,5,5,5,5,NA,NA,NA,NA,NA,NA,2017-02-09T16:42:00Z
42,FrScA-S217-01,FrScA,S217,01,4,4,4,4,4,4,4,4,4,4,4,4,4,4,NA,NA,NA,NA,NA,NA,2017-01-30T19:05:00Z
52,FrScA-S217-03,FrScA,S217,03,4.4,2.6666666666666665,3.5,3.75,4,2,3,4,5,3,4,4,3,5,NA,NA,NA,NA,NA,NA,2017-02-13T13:00:00Z
57,FrScA-S217-01,FrScA,S217,01,4.4,2.3333333333333335,2.5,3.625,5,2,3,4,4,3,2,5,2,4,NA,NA,NA,NA,NA,NA,2017-01-27T16:48:00Z
72,FrScA-S217-01,FrScA,S217,01,5,3,4,4.25,5,2,4,5,5,4,4,5,3,5,NA,NA,NA,NA,NA,NA,2017-02-06T12:31:00Z
80,FrScA-S217-01,FrScA,S217,01,3.6,2.3333333333333335,3,3.125,4,2,2,3,4,3,4,4,2,3,NA,NA,NA,NA,NA,NA,2017-01-23T16:49:00Z
