mean_favorite_count,mean_retweet_count,sum_display_text_width,n,code
1,0,214,2,TS
0,0,76,2,TS
0.125,0,1689,16,SB
0.5,0,217,2,TS
0.5,0,143,2,TS
0.6666666666666666,0.3333333333333333,376,3,TS
2,0,115,2,TS
1.5,0,298,4,TS
3,0,233,2,TS
0.5,0,98,2,TS
0.3333333333333333,0,198,3,TS
1.5,0,123,2,TS
0,0,197,3,TS
0.07142857142857142,0,1449,14,SB
1,0.3333333333333333,291,3,TS
0.5,0,117,2,TS
0.3333333333333333,0,234,3,TS
0.75,0,265,4,TS
1.5,0,198,2,TS
0,0,94,2,TS
0.5,0,379,4,TS
2,0,175,2,TS
2.3333333333333335,0,338,3,TS
0.5,0,136,2,TS
0.14285714285714285,0,1525,14,SB
0,0,69,1,TS
2,0,193,2,TS
0,0,189,2,TS
0.5,0.75,390,4,SB
0.6666666666666666,0.6666666666666666,366,3,SB
0.6666666666666666,0.6666666666666666,368,3,SB
1,0.3333333333333333,696,6,SB
0.3333333333333333,0,263,3,SB
2,0,351,3,SB
1,0,262,2,SB
0.23076923076923078,0,1399,13,SB
0.5,0.5,201,2,SB
1,1,251,2,SB
1.5,0,204,2,SB
0.25,0,427,4,SB
0.5,0,413,4,SB
0.75,0.75,461,4,SB
0.5,0.25,422,4,SB
1.4285714285714286,0.7142857142857143,788,7,SB
1,0.6666666666666666,704,6,SB
1,0.8,563,5,SB
0.1,0,1023,10,SB
1.6,1,515,5,SB
2.5,1.5,491,4,SB
1.75,1,365,4,SB
2.5,1,388,4,SB
1.75,1,390,4,SB
1.25,1.25,346,4,SB
1.5,0,219,2,SB
1,0,181,2,SB
4,0.5,177,2,SB
0.5,0,234,2,SB
0.125,0,820,8,SB
0,0,233,2,SB
0,1.5,271,2,SB
0.5,0,103,2,TS
3.5,0,223,2,SB
2.5,1,272,2,SB
1.4,0.4,546,5,SB
1,0.4,623,5,SB
1,0.4,371,5,SB
2,0.6666666666666666,248,3,SB
0.6666666666666666,0.3333333333333333,348,3,SB
0,0,125,2,TS
1.5,0,102,2,TS
0,0,44,1,SB
0.5,1,279,2,SB
1.5,0,498,4,SB
1,0.3333333333333333,409,3,SB
1,0.5,281,2,SB
0.2,0.2,1011,10,SB
0.08333333333333333,0.08333333333333333,1225,12,SB
0.07692307692307693,0.07692307692307693,1368,13,SB
0.08333333333333333,0.08333333333333333,1264,12,SB
0.5,0.5,208,2,TS
0,0.1111111111111111,877,9,SB
0,0,847,9,SB
0,0,877,9,SB
0,0,743,8,SB
3,0,218,2,SB
1,0,270,2,SB
0,0,228,2,TS
0.75,0,306,4,SB
0.3333333333333333,0.3333333333333333,299,3,SB
1.5,0,238,2,SB
0.5,0.5,140,2,TS
1,0.5,235,2,SB
0.6,0,661,5,SB
0.4,0,677,5,SB
1.25,0.5,465,4,SB
0.5,0,200,2,SB
1,0.6666666666666666,329,3,SB
0,0,136,2,SB
0,0.5,183,2,SB
2,1.5,230,2,SB
1.5,0,147,2,SB
1,0,222,2,TS
0,0.5,270,2,SB
0.2,0,527,5,SB
2,0.5,279,2,SB
2,0.5,256,2,SB
0.3333333333333333,0,273,3,SB
1.75,0,497,4,SB
0.5,0,192,2,SB
2,0,337,3,SB
0,0,230,2,SB
2,0,343,3,SB
0,0,83,2,TS
0.5,0,956,8,SB
2,0,257,3,SB
0,0,212,3,SB
1.5,0.5,251,2,SB
1.5,0.5,251,2,SB
1.5,0.5,262,2,SB
0,0.5,273,2,SB
1.5,0.5,202,2,SB
3.5,1,263,2,SB
0,0.3333333333333333,294,3,SB
1,0,476,4,SB
0.5,0,149,2,TS
0,0,223,2,SB
0,0,135,2,SB
1.5,0.5,154,2,TS
1,0,115,2,TS
0.25,0,287,4,TS
3,2.5,225,2,TS
1,0,107,2,TS
2.6666666666666665,0.3333333333333333,177,3,TS
0,0.2,362,5,TS
0.75,0,453,4,SB
0,0,158,2,TS
0.3333333333333333,0,113,3,TS
0.5,0,95,2,TS
0,0,122,2,TS
1,0,123,2,TS
0.6666666666666666,0,271,3,TS
1.3333333333333333,0.16666666666666666,557,6,TS
1.5,0,365,4,TS
1.75,0,323,4,TS
1,0,163,2,TS
2,0.8,604,5,SB
0.625,0.125,606,8,TS
0,0.25,190,4,TS
1.3333333333333333,0,198,3,TS
1.5,0,198,2,SB
0.5,0,153,2,TS
0.3333333333333333,0.6666666666666666,341,3,TS
0.3333333333333333,0.3333333333333333,301,3,TS
0.5,0.5,144,2,TS
0.3333333333333333,0.3333333333333333,297,3,TS
1,1,307,3,SB
0.5,0,106,2,TS
2,0,96,2,TS
1.3333333333333333,0,170,3,TS
2,0,141,2,TS
2,0,64,2,TS
0,0,54,1,TS
0.5,0.25,162,4,TS
2,0,88,2,TS
2,0,88,2,TS
0,0.3333333333333333,269,3,SB
0,0.3333333333333333,310,3,SB
1,0,234,2,SB
0.5,0,133,2,TS
0,0,56,2,TS
0.5,0,210,2,TS
1,1,57,1,TS
1.5,0.5,145,2,SB
0,0,81,1,SB
0,0,81,1,SB
0,0,81,1,SB
1.25,0,378,4,TS
0,0.5,130,2,SB
1,0,315,4,TS
0,0,403,4,TS
3,0.5,153,2,TS
2.5,1,192,2,TS
1,0,145,2,TS
2,0,188,2,TS
0.5,0,199,2,TS
7.5,1.75,302,4,TS
0,0,177,2,TS
0.3333333333333333,0,357,3,SB
0,0,241,2,TS
0.4,0,476,5,SB
0.4,0,437,5,SB
3,1.5,149,2,TS
0,0,132,1,TS
0,1.5,256,2,SB
1,0,413,4,TS
1,0,545,5,TS
1.25,0,416,4,TS
1,0,256,2,TS
0,0,239,2,TS
1,0,162,2,TS
1,0.3333333333333333,304,3,SB
0,0,109,1,TS
0,0,64,1,TS
0,0,110,1,TS
1.75,1.5,401,4,SB
2,1.25,431,4,SB
1.8,0.8,585,5,SB
2.2,0.8,574,5,SB
1.25,0.75,434,4,SB
0.5,0.5,197,2,TS
0.5,0.5,195,2,TS
0,0,196,2,TS
1,0,219,2,SB
0.5,0,161,2,SB
0,0,218,2,TS
1.5,0.5,124,2,TS
2.5,1,187,2,TS
2,0.5,163,2,TS
1.5,0,197,2,SB
2,1,206,2,SB
0,0,91,2,TS
0.3333333333333333,0.16666666666666666,619,6,SB
3,0.3333333333333333,325,3,SB
0,0.5,226,2,TS
0,0,159,2,SB
0,0.3333333333333333,340,3,TS
0.3333333333333333,0.6666666666666666,365,3,SB
5.5,4,158,2,TS
0,0.5,276,2,SB
1,0.5,192,2,SB
2.5,4.5,274,2,SB
1,0,210,2,SB
0.5,0,369,4,SB
3.5,0.5,196,2,SB
2,1.5,188,2,TS
1,0,168,2,SB
2.5,0.5,266,2,SB
3,1.5,214,2,SB
0.5,0.3333333333333333,599,6,SB
1.4,1,494,5,SB
0.75,1.25,368,4,SB
0.6666666666666666,0,618,6,SB
0.5,0,462,4,SB
1.5,1.5,326,4,TS
0.5,0,463,4,SB
1,0,240,2,SB
0.5,0,192,2,SB
3.6666666666666665,0.6666666666666666,399,3,SB
3.5,0.5,215,2,TS
3,0.6666666666666666,382,3,TS
2,0.5,178,2,SB
1.5,0.5,251,2,TS
0.5,0,218,2,SB
1.3333333333333333,0,648,6,SB
2,1.5,416,4,TS
0.3333333333333333,0,201,3,SB
0.6666666666666666,0,248,3,SB
2,0,125,1,TS
1,1,220,2,SB
0.5,2,188,2,SB
0,0,189,2,TS
2,2.5,220,2,TS
0.5,1,154,2,TS
1.75,0.5,458,4,SB
0.7142857142857143,0.42857142857142855,809,7,SB
1.5,1,246,2,TS
0.7142857142857143,0.2857142857142857,796,7,SB
0.6666666666666666,0.3333333333333333,668,6,SB
0.5,0.16666666666666666,730,6,SB
0.8,0.2,599,5,SB
1.3333333333333333,0.3333333333333333,346,3,SB
1,0,197,2,SB
1,0.5,219,2,SB
1,0,82,1,SB
0,0,185,2,SB
2,0,269,2,SB
2,0,278,2,TS
2.25,1.25,380,4,TS
4,2,137,1,TS
1,0,600,5,SB
1.2,0,536,5,SB
2,0.5,181,2,SB
1.2857142857142858,0,826,7,SB
2.6666666666666665,0.3333333333333333,342,3,SB
2,0.3333333333333333,271,3,SB
2,0.3333333333333333,306,3,SB
0.5,0,171,2,TS
1,0,111,2,TS
0,0,171,2,TS
1,0.5,221,2,SB
1,0,103,1,TS
0,1,272,2,SB
2.5,1,236,2,SB
3,0.5,233,2,SB
1,0.3333333333333333,348,3,SB
0.5,0,397,4,SB
0.5,0,244,2,SB
0,0,139,2,TS
1,0,103,1,TS
1.5,0.5,208,2,SB
0.5,0,225,2,SB
1,0,517,4,SB
1.3333333333333333,0.3333333333333333,395,3,SB
0.3333333333333333,0.6666666666666666,400,3,SB
1,0.6666666666666666,340,3,SB
0,0.5,278,2,SB
0.6666666666666666,0,221,3,SB
1.5,1,227,2,SB
1,1.5,278,2,TS
4,0,240,2,SB
3.1666666666666665,0.3333333333333333,715,6,SB
3.3333333333333335,0.3333333333333333,731,6,SB
3,0.16666666666666666,705,6,SB
3.6,0,563,5,SB
3.5,0,205,2,TS
3.4,0,485,5,SB
4.25,0.25,480,4,SB
4.333333333333333,0,332,3,SB
0.5,0,81,2,TS
1.3333333333333333,1,297,3,TS
2,0,360,3,SB
4.5,1.5,414,4,SB
2.5,1.3333333333333333,694,6,SB
1,0,170,2,SB
2,0,222,2,TS
2.6,1.4,581,5,SB
2.5,1,645,6,SB
1,0,117,2,TS
2.5,1,532,6,SB
3.6,1.2,517,5,SB
0,0,95,2,TS
0.6666666666666666,0,188,3,TS
1.3333333333333333,0.3333333333333333,314,3,SB
1.25,0,401,4,SB
3.5,0.5,167,2,SB
2.6666666666666665,0,252,3,SB
2,0,184,2,SB
0.5,0,138,2,TS
0.5,0,157,2,TS
1,0,121,1,SB
2,0.3333333333333333,330,3,SB
0,0,68,1,TS
0,0,94,2,TS
0.25,0.5,480,4,TS
0,0,140,1,TS
0,0,138,1,TS
0.5,0,419,4,TS
2,0,169,2,TS
1.5,0,190,2,TS
0.5,0,204,2,TS
0.5,0,151,2,TS
1.5,0,146,2,TS
1,0,81,2,TS
0.5,0,110,2,TS
2.5,1.5,129,2,TS
1.5,0,168,2,TS
0,0,295,3,TS
0.5,0,198,2,TS
0.5,0,202,2,TS
0,0,167,2,TS
1.25,0,323,4,TS
1.75,0.25,369,4,TS
1,2,178,2,TS
0.5,0,196,2,TS
1,0,172,2,TS
0.5,0,81,2,TS
0,0,124,2,TS
1,0,231,3,TS
0.5,0,256,2,TS
1.5,0.5,161,2,TS
0.3333333333333333,0,230,3,TS
0.3333333333333333,0,223,3,TS
2.5,0.5,167,2,TS
4.666666666666667,2.6666666666666665,305,3,TS
5.5,3,196,2,TS
0.5,0,153,2,TS
3,1,164,2,TS
0,0,101,3,TS
1,0,156,2,TS
1.6666666666666667,0,316,3,TS
2,0,170,2,TS
0.5,0,70,2,TS
0,0,95,2,TS
0.3333333333333333,0,118,3,TS
0.5,0,87,2,TS
0.5,0,87,2,TS
0,0,130,2,TS
3,0,176,2,TS
2,0,248,3,TS
0,0,103,2,TS
0.5,0,116,2,TS
0.5,0,116,2,TS
1,0,105,2,TS
0.3333333333333333,0,224,3,TS
1.5,0.5,172,2,TS
0.5,0,232,2,TS
0,0,92,1,TS
0.5,0,134,2,TS
1.1666666666666667,0,259,6,TS
4,2,175,2,TS
0.75,0,453,4,SB
0,0,70,1,TS
0.3333333333333333,0,265,3,TS
3,1,195,2,TS
0.5,0,95,2,TS
2,1,252,2,TS
1,0,87,2,TS
1.2222222222222223,0.5555555555555556,1053,9,SB
0.5,0,89,2,TS
0.5,0,432,4,SB
1,0,263,2,SB
1.6666666666666667,0.3333333333333333,341,3,SB
0.2857142857142857,0,557,7,SB
1,0,383,5,SB
0.4,0,318,5,SB
2.5,1.5,156,2,SB
0.6666666666666666,0.16666666666666666,413,6,SB
3,1,173,2,SB
3,1,166,2,SB
0,0,85,2,TS
2,0,247,2,SB
2,0,227,2,SB
0.75,0,325,4,SB
0,0,508,5,SB
3.3333333333333335,1.3333333333333333,311,3,SB
1.5,0.5,271,2,SB
4,0.5,236,2,SB
2,0,194,2,SB
2,0.25,432,4,SB
2,0.25,443,4,SB
0,0.5,80,2,TS
2.6666666666666665,0.6666666666666666,267,3,SB
2.5,0,177,2,SB
1.5714285714285714,0.5714285714285714,872,7,SB
0.75,0.25,404,4,SB
1,0.6,436,5,SB
0.75,0.25,353,4,SB
2,0.3333333333333333,301,3,SB
1.25,0.5,413,4,SB
2.25,0.5,322,4,SB
1.6,0.6,505,5,SB
0.5,0,177,2,TS
1,0.5,136,2,TS
1,0.6666666666666666,310,3,SB
1,0.5,228,2,SB
1,0.3333333333333333,286,3,SB
1.6666666666666667,0.6666666666666666,287,3,SB
3.5,0,252,2,SB
2.6666666666666665,0,350,3,SB
2.5,0,173,2,SB
2,0,225,2,SB
4.5,0,113,2,TS
4.5,0,98,2,TS
1,0,104,2,TS
4.333333333333333,0.3333333333333333,303,3,SB
2.5,0,102,2,TS
2,1,163,2,SB
1,0.5,173,2,SB
1.8,0.8,645,5,SB
3,1.6666666666666667,390,3,SB
2.5,1,418,4,SB
0.6666666666666666,0,122,3,TS
5.5,5.5,263,2,SB
0.5,0,212,2,SB
1,0,145,2,TS
0,0,100,2,SB
1.4,0.2,613,5,SB
2,0.6666666666666666,412,3,SB
4,2.5,292,4,SB
6.5,3.5,143,2,SB
0.5,0,123,2,TS
5.333333333333333,3.3333333333333335,313,3,SB
4,1.5,246,2,SB
3.5,1.5,226,2,SB
1.6666666666666667,0,261,3,SB
0,0,170,3,TS
2,0,298,3,SB
5.5,1.5,238,2,SB
3,0,115,1,SB
5.5,3,423,4,SB
1.4,1,648,5,SB
1.5,1.25,476,4,SB
2.6666666666666665,1.3333333333333333,371,3,SB
3,0,229,2,SB
2,1.5,195,2,SB
0.5,0.5,259,2,SB
0.3333333333333333,0,157,3,TS
2,0,237,2,SB
1.2,1,523,5,SB
1.5,1.25,480,4,SB
1,1,468,5,SB
0.5714285714285714,0.7142857142857143,640,7,SB
2.5,2.5,264,2,SB
1,0.3333333333333333,407,3,SB
1,0,187,2,TS
1,0,225,2,SB
1,0.5,275,2,SB
0,0,70,2,TS
1,0,263,2,SB
4,2.5,235,2,SB
0,0,145,2,SB
3.5,1.25,462,4,SB
1,0,67,1,SB
1,0.5,129,2,TS
1.625,0.25,847,8,SB
1.2,0.4,589,5,SB
1,0.2857142857142857,653,7,SB
1.5,0.75,434,4,SB
0,0,74,2,TS
1,0,91,2,TS
1,0,93,2,TS
0,0,127,1,SB
1.5,0,376,4,SB
3,0.25,371,4,SB
1.5,1.5,452,4,SB
2.3333333333333335,2.6666666666666665,381,3,SB
1,0.8333333333333334,572,6,SB
1.4,1,551,5,SB
1.5,1.25,395,4,SB
0,0,227,3,TS
1.1666666666666667,0.25,1354,12,SB
0.6666666666666666,0.16666666666666666,1245,12,SB
1.0714285714285714,0.21428571428571427,1647,14,SB
1.0769230769230769,0.3076923076923077,1439,13,SB
2,0.42857142857142855,764,7,SB
2.4285714285714284,0.14285714285714285,752,7,SB
1.3333333333333333,0,595,6,SB
0.8333333333333334,0.16666666666666666,691,6,SB
0.8,0.2,587,5,SB
1,0.2,573,5,SB
1.5,0.5,59,2,TS
0.7142857142857143,0.14285714285714285,715,7,SB
1.75,0.625,902,8,SB
0.6666666666666666,0.16666666666666666,719,6,SB
0.5,0,456,4,SB
1,0.16666666666666666,623,6,SB
1.4,0.4,579,5,SB
0.5,0,596,6,SB
2,1.5,215,2,SB
3.5,1.5,127,2,SB
4.5,2,227,2,SB
1,0,49,2,TS
4,3.5,208,2,SB
0.5,1,96,2,SB
1.8,0.4,640,5,SB
0.6666666666666666,0,340,3,SB
1.6666666666666667,0,331,3,SB
1.5,0,267,2,SB
2,1,262,2,SB
6.5,2,176,2,SB
8,2.5,274,2,SB
0,0,201,2,SB
0.5,0,151,2,TS
0.5,0,50,2,TS
1,0,121,2,TS
1.5,0.5,101,2,TS
0,0,94,2,TS
1.3333333333333333,0,365,3,SB
1,0.5,278,2,SB
1.5,0.5,274,2,SB
0.25,0,442,4,TS
0.5,0.5,154,2,TS
1.5714285714285714,0.14285714285714285,897,7,SB
1.6,0.2,612,5,SB
0.5,0,89,2,TS
1.75,0.25,551,4,SB
0,0,224,2,SB
0.4,0.4,629,5,SB
0,0,285,2,SB
5.5,2.5,277,2,SB
1,0,194,2,SB
3,1,201,2,SB
2,0.5,265,2,SB
2.3333333333333335,0.6666666666666666,238,3,TS
3.5,1,176,2,TS
0.5,0,67,2,TS
3,0.5,144,2,SB
1.6666666666666667,0.6666666666666666,351,3,TS
4,2.5,216,2,SB
0.5,0,139,2,SB
4.5,1.5,232,2,SB
0,0.5,127,2,SB
0,0,141,2,TS
1.5,1.5,197,2,SB
3.5,2.5,259,2,SB
1,1.5,220,2,SB
0,0,92,2,TS
1,1,248,2,SB
0.5,1,239,2,SB
2.5,0.5,452,4,SB
4,1,336,3,SB
1.5,0,311,4,SB
1,0,446,6,SB
1.1666666666666667,0,448,6,SB
1,0,351,4,SB
1.1666666666666667,0,390,6,SB
2,1.3333333333333333,255,3,SB
0.5,0,97,2,TS
0,0,113,1,SB
1,0.5,387,4,TS
36,52,109,1,TS
2,1,168,2,SB
0.5,0,181,2,TS
2,0,70,1,TS
1,0,148,2,TS
0.6666666666666666,0,401,3,SB
3,0.5,230,2,SB
0,0,71,1,TS
0.25,0,123,4,TS
2.6666666666666665,0,399,3,SB
3.5,1,225,2,SB
6.5,5.25,330,4,SB
8,6,117,2,TS
0.6666666666666666,0,394,3,SB
3,0,267,2,SB
2.5,5.5,270,2,TS
4,1,255,2,SB
0,0,207,2,SB
5.5,0,125,2,TS
0,0,114,2,TS
4,0.3333333333333333,238,3,TS
4,0.3333333333333333,244,3,TS
0,0,115,2,TS
0.5,0,107,2,TS
4,3.5,260,2,SB
0.5,0,122,2,TS
0.5,0,252,4,TS
2,1,203,2,TS
3,0.6666666666666666,400,3,TS
2,0.3333333333333333,331,3,TS
0,0,123,2,TS
1,0,218,2,TS
1,0,105,2,TS
0.5,0.5,153,2,TS
0.5,0.5,153,2,TS
1.5,0.5,133,2,TS
1,0.5,130,2,TS
1.5,0,125,2,TS
2.5,1,221,2,TS
2.5,1,209,2,TS
0,0,139,2,TS
2,0.5,105,2,TS
0,0,133,2,TS
0,0.5,165,2,TS
0,0.5,159,2,TS
1,0,129,2,TS
4.5,3.5,283,2,TS
0.5,0,168,2,TS
1,1.5,201,2,TS
2,0.5,123,2,TS
0,0,106,2,TS
1.5,0,373,4,TS
0.5,0,103,2,TS
0,0,85,2,TS
1,0,146,2,TS
0.5,0,105,2,TS
0.5,0,131,2,TS
0,0,111,2,TS
0,0,104,3,TS
1.3333333333333333,0.3333333333333333,293,3,TS
1.4,0.2,431,5,TS
2.5,0.5,196,2,TS
1,0,199,3,TS
0.3333333333333333,0,186,3,TS
0.5,0,101,2,TS
0,0,59,2,TS
0.3333333333333333,0,160,3,TS
0.5,0,152,2,TS
1.5,0,142,2,TS
0.5,0.5,228,2,TS
1,0,143,2,TS
2.5,0,207,2,TS
0.5,0,116,2,TS
1,0,130,2,TS
0.6666666666666666,0,181,3,TS
1,0,70,2,TS
2.5,0,180,2,TS
2.5,0,151,2,TS
1.5,0,124,2,TS
3,0,72,1,TS
1.5,0,106,2,TS
1.3333333333333333,0,153,3,TS
2.3333333333333335,0,185,3,TS
0,0,94,2,TS
1,0,100,2,TS
2.5,1,275,2,SB
0.5,0,72,2,TS
1,0,228,3,SB
0.5,0,183,2,SB
1.5,0.5,242,2,SB
1,0,198,2,SB
2,0.5,223,2,SB
0.3333333333333333,0,288,3,SB
0.8333333333333334,0.16666666666666666,673,6,SB
1.3333333333333333,0.3333333333333333,650,6,SB
4,2,275,2,SB
3,0.5,181,2,SB
2,0,101,2,TS
2.3333333333333335,0.3333333333333333,371,3,SB
2,0.3333333333333333,373,3,SB
1,0,211,2,SB
3.5,1.5,241,2,SB
2.3333333333333335,1,275,3,SB
1,0,222,2,SB
2,0.5,264,2,SB
3,0,311,3,SB
0.5,0.25,318,4,SB
1,0,172,2,SB
2,0,86,2,TS
0,0,195,2,SB
0.75,0,421,4,SB
0.5,0,139,2,SB
1.5,0,165,2,SB
0.5,0,218,2,SB
0.5,0,144,2,SB
1,0,351,4,SB
1.1428571428571428,0.14285714285714285,759,7,SB
2,1,249,2,SB
3.5,1,210,2,SB
2.5,0.5,101,2,TS
1.5,0.5,193,2,SB
4.5,1,220,2,SB
4.5,1,216,2,SB
2,0,226,2,SB
0.5,0,243,2,SB
0.6666666666666666,0,317,3,SB
5.666666666666667,2,408,3,SB
5,1.6666666666666667,376,3,SB
4.333333333333333,1.3333333333333333,304,3,SB
4.666666666666667,1.6666666666666667,403,3,SB
0,0,199,3,TS
1.5,0.5,263,2,SB
1.5,0.5,189,2,SB
1.5,0.5,271,2,SB
1.5,0.5,222,2,SB
2.1666666666666665,1.1666666666666667,619,6,SB
3.5,3,191,2,SB
2.3333333333333335,1.1666666666666667,523,6,SB
3,2,349,3,SB
1.3333333333333333,0,313,3,SB
0,1,90,1,SB
0,0,166,2,TS
2.1666666666666665,0.16666666666666666,643,6,SB
1.5,0.5,210,2,SB
2,1.5,226,2,SB
1.5,0,162,2,SB
3.5,1.5,172,2,SB
1,0.3333333333333333,260,3,SB
0,0,54,1,TS
3,0.5,158,2,TS
3,0.5,161,2,TS
3,0.5,151,2,TS
0,0,204,2,TS
1.5,0,177,2,SB
3,2,230,2,SB
1.5,0.5,267,2,SB
1,1,177,2,SB
1.0909090909090908,0.09090909090909091,1319,11,SB
1,0,1204,10,SB
0.8571428571428571,0,832,7,SB
0.75,0,917,8,SB
0.3333333333333333,0,731,6,SB
0,0,178,3,TS
0.75,0,861,8,SB
0.8333333333333334,0.16666666666666666,662,6,SB
0.6,0,601,5,SB
0.75,0,423,4,SB
0.3333333333333333,0,289,3,SB
2,0,58,1,SB
2,0.3333333333333333,335,3,SB
2.75,1.25,468,4,SB
1.6666666666666667,0.3333333333333333,315,3,SB
1.5,0,193,2,SB
0.3333333333333333,0,185,3,TS
0.5,0,77,2,TS
1,0,305,3,SB
0,0.5,164,2,TS
0,0.5,217,2,TS
0.5,1.5,196,2,TS
10,5.5,232,2,SB
9.5,5,244,2,SB
9,5.5,224,2,SB
9.5,5,153,2,TS
3.5,1.75,524,4,SB
0,0,82,2,TS
0.75,0.25,427,4,TS
2.5,0,136,2,TS
2,0,99,2,TS
2,0,178,2,SB
2.5,1,275,2,TS
1,0.5,206,2,SB
0,0,190,2,SB
0,0,113,1,SB
0.5,0,191,2,TS
2,0,252,2,SB
1,0.5,132,2,TS
1.5,0,98,2,TS
3.5,1.5,259,2,SB
1,0.5,195,2,SB
1,0,276,2,SB
1.3333333333333333,0.5,544,6,SB
0,0,57,1,TS
0.2857142857142857,0,736,7,SB
0,0,508,5,SB
0.3333333333333333,0,340,3,SB
0.09090909090909091,0.09090909090909091,931,11,SB
1,0,206,2,TS
1,0,255,2,SB
3,0.6666666666666666,368,3,SB
1,0.6666666666666666,208,3,SB
3,1,44,1,TS
6,3.5,210,2,TS
2,0,110,2,TS
1.5,0,121,2,TS
1,1,78,1,TS
2.5,0.5,178,2,SB
0.1111111111111111,0.1111111111111111,798,9,SB
2,1,280,2,TS
3,1,190,3,TS
0.5,0,107,2,SB
5.5,3,237,2,SB
3.5,2,173,2,SB
2,0.5,179,2,TS
0.3333333333333333,0,182,3,TS
2,0,233,2,SB
3,1,186,2,TS
4.75,2.5,344,4,SB
0.2222222222222222,0.1111111111111111,800,9,SB
2,0,194,2,TS
3,1,271,2,TS
0.5,0,99,2,TS
3.5,2,206,2,SB
4.5,2,261,2,SB
5.5,4,213,2,SB
5.5,4,163,2,TS
3,2.5,396,4,SB
3.3333333333333335,3.3333333333333335,318,3,SB
3.3333333333333335,0,327,3,SB
0.25,0,294,4,SB
0.5,0.5,180,2,TS
1,0,190,2,TS
1,0.5,138,2,TS
1,0,306,3,TS
0.3333333333333333,0.3333333333333333,255,3,TS
1.5,0,105,2,TS
0.75,0,237,4,TS
1.5,0,165,2,TS
0.4,0,475,5,SB
0,0,177,2,TS
0.3333333333333333,0.3333333333333333,249,3,SB
0.3333333333333333,0,232,3,TS
0.5,0,82,2,TS
0.5,0,147,2,TS
1.5,0,119,2,TS
1.3333333333333333,0,236,3,TS
1,0,141,2,TS
0.5,0,166,2,TS
0.5,0,288,4,SB
1.5,0,256,2,SB
0.5,0,66,2,TS
0,0,95,2,TS
1,0,70,2,TS
0.6,0.4,528,5,SB
0,0.3333333333333333,375,3,SB
0,0,371,3,SB
0.75,0.25,445,4,SB
1.5,0.5,168,2,SB
0.3333333333333333,0,340,3,SB
0.3333333333333333,0.3333333333333333,283,3,SB
0.5,0.5,224,2,SB
1,0.6666666666666666,381,3,SB
2,0.3333333333333333,284,3,SB
0.5,0,107,2,TS
1,0,103,2,TS
1.2,0,557,5,SB
1.3333333333333333,0,260,3,TS
1.5,0,219,2,TS
1,0.3333333333333333,246,3,SB
0.4444444444444444,0.5555555555555556,1038,9,SB
2,1,255,2,SB
0,0,169,2,TS
0.5,0,107,2,TS
0,0,136,2,TS
0.5,0,204,2,SB
1,0,108,2,TS
1,0,173,2,TS
0.5,0,105,2,TS
1,0,317,3,SB
1.75,0,508,4,SB
1.8,0,540,5,SB
0.6666666666666666,0,330,3,SB
1,0,409,3,SB
0,0.6666666666666666,223,3,SB
0.2,0,461,5,SB
0,0.6666666666666666,258,3,SB
0.3333333333333333,0.6666666666666666,320,3,SB
0.5,0,184,2,SB
0.5714285714285714,0.42857142857142855,722,7,SB
0.75,0.5,404,4,SB
1,0,305,3,SB
2,0,219,2,SB
0,0,72,2,TS
1,0,134,2,SB
1.5,0,192,2,SB
0,0,294,3,SB
0.3333333333333333,0,234,3,SB
0.5,0,254,2,SB
0.3333333333333333,0,239,3,TS
1,0.2,544,5,SB
1.5,0.5,166,2,TS
0.5,0,278,2,SB
1.5,0,255,2,SB
0.6666666666666666,0,319,3,SB
2,2,260,2,TS
1.5,0.5,206,2,SB
0,0,295,3,SB
0,0,81,1,SB
2.5,1.5,144,2,TS
2.5,1.5,137,2,TS
2.5,1.5,244,2,SB
0.5,0,225,2,SB
1.2,0.4,597,5,SB
1,0.5,468,4,SB
0,0,50,1,TS
0.6,0.2,519,5,SB
0.8,0,576,5,SB
0,0,157,2,TS
0.5,0,378,4,SB
0.5,0,184,2,SB
0,0.3333333333333333,197,3,TS
0,0,238,2,SB
0,0,142,2,TS
1.6,0.2,660,5,SB
1.6,0.2,664,5,SB
1.5,0.25,541,4,SB
1.5,0,266,2,SB
2.3333333333333335,1.3333333333333333,406,3,SB
1,1,652,5,SB
1,0,214,2,SB
1,0,186,2,SB
0.3333333333333333,0,323,3,SB
2.25,1.25,465,4,SB
1.6666666666666667,1,345,3,SB
1,1,146,2,SB
1.5,0.5,351,4,SB
0.75,0.5,449,4,SB
1,0.3333333333333333,305,3,SB
0.5,0.5,282,2,SB
2,0.5,268,2,SB
2.5,0,197,2,SB
2.5,0,132,2,TS
3,0,118,2,TS
1,0.25,352,4,SB
1,0,153,2,SB
1.75,0.25,461,4,SB
0.5,0.5,239,2,SB
1,0.5,272,2,SB
0,0.3333333333333333,317,3,SB
0.3333333333333333,0.3333333333333333,285,3,SB
0.5,0,211,2,SB
2.5,1.5,268,2,SB
1.5,0,206,2,SB
3.5,2,227,2,SB
1,0,188,2,SB
0.8571428571428571,0.42857142857142855,858,7,SB
1.1428571428571428,0.5714285714285714,861,7,SB
1.3333333333333333,0.5,692,6,SB
1.5,0,265,2,SB
1,0.6666666666666666,684,6,SB
1.25,0.25,491,4,SB
0,0,97,2,TS
1.6,0.6,597,5,SB
1.6,0.2,572,5,SB
1.2,0.2,512,5,SB
1.5,0.25,474,4,SB
1.3333333333333333,0.3333333333333333,383,3,SB
1.6666666666666667,0.6666666666666666,428,3,SB
1.5,0.5,265,2,SB
1.5,0,129,2,TS
1,0,108,2,TS
1,0,122,2,TS
0,0,126,2,TS
1.25,1,453,4,SB
1,0,374,3,SB
2.5,0,276,2,SB
1.25,0,483,4,SB
0.6666666666666666,0,347,3,SB
1,0,250,2,SB
3.25,1.75,510,4,SB
5.5,2,274,2,SB
5.5,2,204,2,TS
0.5,0,94,2,TS
1.3333333333333333,0,317,3,TS
0,0,451,5,SB
1.5,0.5,274,2,SB
2,0.3333333333333333,410,3,SB
2,0,281,2,SB
2,0,195,2,TS
0,0,77,1,SB
0,0.5,162,2,TS
0,0,228,2,SB
1.5,0,194,2,TS
1.4,0.2,401,5,TS
1.8,0.8,391,5,TS
0.1111111111111111,0.1111111111111111,979,9,SB
1.3333333333333333,1,346,3,SB
0.8,0,587,5,SB
0.75,0,466,4,SB
0.6666666666666666,0,306,3,SB
0.25,0.25,378,4,SB
0.4,0.3,999,10,SB
0.4,0.3,1025,10,SB
0.3,0.2,981,10,SB
0.5,0.25,736,8,SB
0.875,0.25,689,8,SB
0.1111111111111111,0.1111111111111111,924,9,SB
1,0.25,670,8,SB
0.25,0.25,371,4,SB
0.16666666666666666,0,425,6,SB
1.5,0,537,4,SB
0,0,492,4,SB
4,0.5,479,4,SB
3.5,2.5,261,2,SB
1.3333333333333333,0.3333333333333333,290,3,SB
0.3333333333333333,0.6666666666666666,331,3,SB
0.5,0,269,2,SB
0,0,438,5,SB
0,0,235,2,SB
0.5,0.5,281,2,SB
0,0.5,184,2,SB
2,0.3333333333333333,406,3,SB
2.5,0.16666666666666666,753,6,SB
1.8571428571428572,0.14285714285714285,888,7,SB
0,0,127,2,TS
0.3333333333333333,0.16666666666666666,382,6,SB
4,3.2,643,5,SB
3.5,2.5,250,2,SB
0,0,406,4,SB
0.6666666666666666,1,398,3,SB
1.5,1,206,2,SB
0,0,140,3,SB
0.5,0,195,2,SB
0,0,238,2,SB
2,0.5,234,2,SB
1.75,0.5,365,4,SB
1.25,0.5,457,4,SB
0,0.2,440,5,SB
1,1.3333333333333333,254,3,SB
0,0,249,3,SB
0.5,0.75,317,4,SB
0.5,0.75,337,4,SB
1,0,394,3,SB
2,1.3333333333333333,351,3,TS
0.6666666666666666,0.6666666666666666,272,3,TS
2,2,231,2,TS
1.5,1,167,2,TS
2,1.5,200,2,SB
2,0.5,253,2,TS
1,0,106,2,TS
1.5,0.5,208,2,TS
0,0,116,2,TS
0,0,108,2,TS
0.3333333333333333,0,392,3,SB
5,6,181,2,TS
4.5,1,172,2,TS
0.5,0,233,2,TS
0.3333333333333333,0.3333333333333333,376,3,TS
1.3333333333333333,0,172,3,TS
0.2857142857142857,0,712,7,SB
0,0,102,2,TS
1,0.5,196,2,SB
0.5,0,81,2,TS
0,0.3333333333333333,213,3,SB
0.5,0,163,2,SB
2,0,246,2,SB
3.6666666666666665,0.3333333333333333,351,3,SB
5.5,0,196,2,SB
0,0,278,2,SB
2,0,379,3,SB
1,0,132,2,TS
2.5,0,226,2,SB
0,0,621,5,SB
3,0,235,2,SB
0,0,333,3,SB
3,0.5,237,2,TS
3,0.5,276,2,SB
0.375,0,764,8,SB
0.625,0,874,8,SB
0.42857142857142855,0.14285714285714285,712,7,SB
0.8333333333333334,0.16666666666666666,615,6,SB
0.8333333333333334,0,584,6,SB
3.8,0.6,480,5,SB
0.4,0.2,558,5,SB
4,0.75,374,4,SB
5.5,1,218,2,SB
2.5,0,222,2,SB
0,0,163,3,TS
0.6666666666666666,0.3333333333333333,372,3,SB
2,0,229,2,TS
3,0.5,206,2,TS
1.5,0,230,2,SB
0.7142857142857143,0.2857142857142857,717,7,SB
0.3333333333333333,0,621,6,SB
0.3333333333333333,0,330,3,TS
0,0,38,1,TS
0,0,481,4,SB
2.5,0,256,2,SB
3,1,249,2,SB
2.6,0.4,654,5,SB
2.2,0.4,656,5,SB
3,0.75,530,4,SB
2,0,97,2,TS
2,0,99,2,TS
1,0.3333333333333333,325,3,SB
2.1666666666666665,0.16666666666666666,729,6,SB
1.5,0.25,476,4,SB
0,0,407,3,SB
2.8,0.2,634,5,SB
1.5,0.3333333333333333,556,6,SB
2,0,412,4,SB
1.3333333333333333,0,369,3,SB
2,0.25,470,4,SB
2,0.6666666666666666,369,3,SB
0.6666666666666666,0,326,3,SB
1.5,0,77,2,TS
1.6666666666666667,0.6666666666666666,319,3,SB
0.3333333333333333,0,315,3,SB
0.25,0.5,492,4,SB
0.75,0.375,969,8,SB
0.5,0.25,375,4,SB
1,0,122,2,SB
0,0,349,4,SB
1,0,268,3,SB
2,0.25,351,4,SB
2,0.3333333333333333,380,3,SB
1.6666666666666667,0.3333333333333333,385,3,SB
1.6666666666666667,0.3333333333333333,384,3,SB
2,0.5,238,2,SB
0.25,0.5,512,4,SB
0.6666666666666666,0.3333333333333333,351,3,SB
1,0,161,2,SB
0,0,368,4,SB
0.5,0,270,2,SB
0,0.5,254,2,SB
2,2.5,125,2,SB
0.5714285714285714,0.14285714285714285,603,7,SB
0.6666666666666666,0,343,3,SB
1.8,0.2,586,5,SB
1.8,0.2,558,5,SB
1,1.5,215,2,TS
1.25,0,484,4,SB
1.6,0.4,607,5,SB
1.75,0,465,4,SB
1.5,0,449,4,SB
1.6666666666666667,0.3333333333333333,314,3,SB
0.5,0,192,2,SB
1,0,152,2,SB
1,0.5,185,2,SB
0.5,0,190,2,SB
0.25,0.25,517,4,SB
2,3.5,250,2,TS
0.25,0.25,502,4,SB
1.5,0,125,2,TS
0.5,0,231,2,SB
1.6666666666666667,0.6666666666666666,232,3,SB
0,0,136,2,TS
1.3333333333333333,0.6666666666666666,345,3,SB
0.75,0.25,419,4,SB
1,0.5,218,2,SB
0.5,0.5,213,2,SB
1,0.5,264,2,SB
0,0,159,2,SB
1,0,187,3,TS
1,0.3333333333333333,326,3,SB
1.5,0.5,170,2,SB
2,0.3333333333333333,321,3,SB
1.5,0,213,2,SB
2.6666666666666665,0.3333333333333333,292,3,SB
4,0,202,2,SB
1,0.3333333333333333,214,3,TS
0.5,0,90,2,TS
2,0,277,2,TS
0.5,0,284,4,SB
2,0,270,3,SB
2,0,211,2,SB
0.75,0.5,322,4,TS
0.6666666666666666,0.6666666666666666,216,3,TS
0.6666666666666666,0.6666666666666666,226,3,TS
0.5,0,197,2,TS
0.5,0,127,2,TS
0.5,0,118,2,TS
1.5,1.5,199,2,TS
0,0,159,2,TS
0,0,173,2,TS
0,0,136,3,TS
0,0,126,2,TS
0,0,128,3,TS
0,0,87,2,TS
0,0,92,2,TS
0,0,116,2,TS
0.5,0,83,2,TS
0,0,71,2,TS
2,0,184,2,TS
0.5,0,123,2,TS
0.5,0,142,2,TS
0,0,122,2,TS
0,0,86,2,TS
1,0,152,3,TS
1.5,0,114,2,TS
1.5,0,160,2,TS
1,0,183,2,TS
1.5,0,177,2,TS
0,0,165,2,TS
0,0,34,1,TS
1.25,0.5,471,4,SB
0,0,79,2,TS
5,0.6666666666666666,213,3,TS
0.6666666666666666,0,268,3,TS
0,0.5,88,2,TS
0,0.5,88,2,TS
0,0.5,75,2,TS
0.5,0,135,2,TS
0.5,0,120,2,TS
2.5,0.5,152,2,TS
0.5,0,90,2,TS
1,0.5,462,4,SB
0.5,0,92,2,TS
0,0,152,2,TS
0,0,165,2,TS
0.6,1.2,475,5,SB
0.6666666666666666,2,387,3,SB
0,0,36,1,TS
1,0,149,2,SB
0,0,84,2,SB
2,0.5,172,2,SB
0,0,175,3,TS
1.5,0.5,243,2,SB
0.4,0.2,495,5,SB
0.75,0,305,4,SB
1.5,0.5,231,2,SB
1.4,0.2,639,5,SB
1.1666666666666667,0,692,6,SB
1,0,743,6,SB
1,0.25,423,4,SB
0,0,194,2,SB
2,0.5,156,2,SB
1.3333333333333333,0.3333333333333333,316,3,SB
1,0.5,175,2,TS
0,0,150,2,SB
1,0,78,2,TS
1.3333333333333333,0,158,3,TS
1,0,86,2,TS
1.5,0,170,2,SB
2,0,219,2,SB
2,0,241,2,SB
0,0,235,2,SB
0,0,225,2,SB
2.3333333333333335,2,212,3,SB
1,0,689,6,SB
2,3,244,2,SB
1.5,3,229,2,SB
0.5,0,119,2,TS
1.5,0.25,322,4,SB
1.75,0.25,1003,8,SB
2.142857142857143,0.2857142857142857,829,7,SB
1.5,0.3333333333333333,716,6,SB
1.8,0.4,543,5,SB
4,1,229,2,SB
0.5,0.5,253,2,SB
0.3333333333333333,0,324,3,TS
1,0.5,248,2,SB
1,0.5,184,2,SB
0.5,0,210,2,SB
1.5,0,259,2,SB
3.5,1.5,222,2,SB
1,0.75,380,4,SB
2.6666666666666665,2.3333333333333335,404,3,SB
1.5,0,254,2,SB
2.5,1,244,2,SB
3,1,278,2,SB
0,0,374,3,SB
1,0,619,5,SB
1,0,372,4,SB
0.75,0.25,425,4,SB
2,0.3333333333333333,681,6,SB
1.8333333333333333,0.3333333333333333,621,6,SB
2.6666666666666665,0.5,657,6,SB
1.8333333333333333,0.5,683,6,SB
2.2,0.4,519,5,SB
2.4,0.8,508,5,SB
2.5,2,233,2,SB
1,0,183,2,SB
1.6666666666666667,1,279,3,SB
1.5,0,159,2,TS
1,0,189,2,SB
2,0,101,2,SB
1,0,226,2,TS
2,0,250,2,SB
1,0,85,2,TS
1.5,0,89,2,TS
2,0,129,2,TS
2,0,104,2,TS
0.25,0,440,4,SB
2,0,171,2,SB
7,1,220,2,SB
6.5,1,171,2,SB
2,0.8333333333333334,744,6,SB
1.2,0.6,459,5,SB
1,0.5,537,6,SB
1.8333333333333333,0.6666666666666666,567,6,SB
2.4,1.2,569,5,SB
2.2,1.2,504,5,SB
2.7142857142857144,0.7142857142857143,669,7,SB
0,0,234,2,SB
2.6,1.4,570,5,SB
2.3333333333333335,1,296,3,SB
5,2,184,2,SB
4,1.5,168,2,SB
0,0,143,2,SB
2,1,272,2,SB
1,0.5,265,2,SB
0.5,0,209,2,SB
1.6666666666666667,0.5,683,6,SB
1.75,0.25,389,4,SB
0.5,0,187,2,TS
0.4,0,468,5,SB
2.3333333333333335,0.6666666666666666,382,3,SB
0,0,171,2,SB
1.6666666666666667,0,631,6,SB
2,0,642,6,SB
1.8333333333333333,0,636,6,SB
2.2,0,612,5,SB
1.6,0,609,5,SB
0.5,0,257,2,SB
0.875,0.25,814,8,SB
3,0.5,518,4,SB
1.3333333333333333,0.3333333333333333,733,6,SB
2.5,0.5,445,4,SB
1,0,458,4,SB
1.6666666666666667,0,301,3,SB
1,0,460,4,SB
1,0,76,1,TS
1.5,0.5,373,4,SB
2.5,1,141,2,TS
6,8,206,2,SB
0.5,0,196,2,SB
1.5,0.25,447,4,SB
2.3333333333333335,1,308,3,SB
1.5,0,211,2,SB
1.25,0.25,482,4,SB
1.25,0.25,496,4,SB
0,0,245,2,SB
0.5,0.5,243,2,SB
1.5,0.5,509,4,SB
2.25,0.5,506,4,SB
1.6666666666666667,0.6666666666666666,371,3,SB
1.75,0.25,496,4,SB
1.6666666666666667,0.3333333333333333,377,3,SB
1,0,199,2,SB
0.5,0,245,2,SB
1,0,185,2,SB
0.75,0.25,464,4,SB
0.3333333333333333,0.3333333333333333,370,3,SB
1,1.5,262,2,SB
2,0,98,2,TS
1.2,0.4,623,5,SB
2.5,0,98,2,TS
1.5,1,241,2,SB
1.6666666666666667,0.3333333333333333,400,3,SB
1,0.3333333333333333,369,3,SB
1,0,513,5,SB
1,0.7142857142857143,725,7,SB
1.5,0.25,369,4,SB
1,0.75,423,4,SB
2.3333333333333335,0.3333333333333333,332,3,SB
1.5,0.5,192,2,SB
0.375,0.375,950,8,SB
1,1,288,3,TS
2.6666666666666665,0.6666666666666666,211,3,TS
2.3333333333333335,0.3333333333333333,325,3,TS
0.5,0,537,4,SB
0.75,0,539,4,SB
0.75,0.25,525,4,SB
0.5,0,537,4,SB
0.3333333333333333,0,358,3,SB
1.5,1,208,2,TS
0,0,140,1,SB
0.2857142857142857,0,796,7,SB
0,0,117,2,TS
0.3333333333333333,0.6666666666666666,265,3,TS
0.5,0,103,2,TS
0,0,99,2,TS
0.2,0,783,10,TS
1.3333333333333333,0,136,3,TS
1.6666666666666667,0,108,3,TS
1,0,226,4,TS
1,0,171,2,TS
1,0,167,2,TS
0.4,0,509,5,SB
0.5,0,180,2,TS
0.5,0,122,2,TS
0.5,0,93,2,TS
0.5,0,94,2,TS
0.5,0,186,2,TS
0,0,165,2,TS
0.5,0,174,2,TS
0.5,0,329,4,TS
0,0,80,2,TS
0,0,63,2,TS
1,0.42857142857142855,731,7,SB
0.5,0,95,2,TS
0.5,0,81,2,TS
0.6666666666666666,0.3333333333333333,202,3,TS
0.5,0,137,2,TS
0.5,0,173,2,TS
1,0,163,2,TS
0.5,0,102,2,TS
0.3333333333333333,0,185,3,TS
0.5,0,104,2,TS
0,0,129,2,TS
1.1428571428571428,0.42857142857142855,705,7,SB
1,0,74,1,TS
1,0,115,1,TS
1,0,77,1,TS
0,0,105,2,TS
0.5,0,117,2,TS
1,0,44,1,TS
1,0,179,2,TS
1.5,0,156,2,TS
1,0,163,2,SB
1.5,0,176,2,SB
0,0,62,2,TS
3,1.5,255,2,SB
0.5,0,121,2,TS
1,0,34,1,TS
1.25,0.25,401,4,SB
0.5,0.5,199,2,SB
1,0.5,191,2,TS
1.75,0.5,388,4,SB
2,0.42857142857142855,721,7,SB
1,0,264,3,SB
0,0,164,2,SB
0,0,128,2,SB
1.5,0.75,442,4,SB
1,0,202,2,SB
0,0,105,2,SB
0,0,184,2,TS
3,0.5,184,2,TS
3,0.5,145,2,TS
0.7142857142857143,0.2857142857142857,779,7,SB
0.6666666666666666,0.3333333333333333,605,6,SB
0,0.5,231,2,SB
0,0.25,329,4,SB
0,0.6666666666666666,306,3,SB
1.5,0.5,162,2,TS
0,0.5,201,2,SB
0,0,258,2,SB
1.5,0,170,2,TS
0.5,0,182,2,SB
0,0,46,1,TS
0,1,124,1,TS
1,0,356,3,SB
0.75,0,447,4,SB
1.6666666666666667,0,387,3,SB
2,0,348,3,SB
0.5,0,99,2,SB
0.5,0,454,4,SB
1,0,276,2,SB
1.5,0.5,185,2,SB
1,0.14285714285714285,679,7,SB
0.6,0,489,5,SB
1.6666666666666667,0.3333333333333333,319,3,SB
1.5,0,142,2,TS
0.5,0,226,2,SB
0.5,0,154,2,TS
1,0,245,2,SB
0.2857142857142857,0.2857142857142857,752,7,SB
0.25,0.25,447,4,SB
0.2,0,497,5,SB
0,0,333,3,SB
0.75,0,426,4,SB
1,0,257,2,SB
1.3333333333333333,1,266,3,SB
2,1.5,199,2,SB
4,2,214,2,SB
3.5,0.5,248,2,SB
1,0,183,2,SB
0,0.5,170,2,SB
1.5,0,243,2,SB
0.7142857142857143,0.14285714285714285,550,7,SB
0,0,197,2,TS
0,0,192,2,SB
1.375,0.5,787,8,SB
1,0.6666666666666666,639,6,SB
1.8,0.6,479,5,SB
0.5,0,134,2,SB
0.6666666666666666,0.5,574,6,SB
3,0,182,2,SB
0.8,0.4,400,5,SB
0,0,394,4,SB
0.5,0.25,332,4,SB
0,0.25,353,4,SB
1.5,0,185,2,TS
1.6666666666666667,0,326,3,SB
0.5,0,148,2,TS
1.5,0,214,2,SB
1.5,0,150,2,TS
0.5,0,268,2,SB
1.5,0,198,2,SB
0.5,0,192,2,TS
1.3333333333333333,0.3333333333333333,189,3,TS
0,0.5,199,2,SB
0,0,164,2,TS
0,0,179,2,TS
1,0,530,5,TS
1.3333333333333333,0,253,3,TS
0.5,0,151,2,TS
1,0,221,2,TS
0.5,0,197,2,TS
1.3333333333333333,0.6666666666666666,184,3,TS
1,0,204,2,TS
0,0,54,1,TS
1,0,155,3,TS
4.333333333333333,1,310,3,TS
0,0,132,2,TS
0.3333333333333333,0,187,3,TS
1,0,101,2,TS
0.6,0,413,5,TS
1,0,128,2,TS
1.5,0.5,257,2,SB
1.6,0,409,5,TS
1,0,206,3,TS
1,0,141,3,TS
0.3333333333333333,0,171,3,TS
0.5,0,95,2,TS
0.6666666666666666,0,120,3,TS
1,0,132,2,TS
1,0,147,2,TS
1,0,147,2,TS
1,0,130,2,TS
0,0,63,2,TS
0.2,0,466,5,SB
0.5,0,140,2,TS
0.5,0,141,2,TS
0.5,0,137,2,TS
1,0,152,2,TS
0,0,35,1,TS
4.75,0,259,4,TS
5.25,0,257,4,TS
4.75,0,289,4,TS
7,0,183,3,TS
4,0,101,2,TS
0.3333333333333333,0.3333333333333333,667,6,SB
3,0,177,3,TS
3,0,180,3,TS
2,0,109,3,TS
3,0,104,2,TS
3.5,0.5,142,2,TS
1,0,115,2,TS
1.5,0,260,4,TS
1,0,102,2,TS
2.5,0,106,2,TS
2.5,0,117,2,TS
0.3333333333333333,0,317,3,SB
2.5,0,115,2,TS
1,0,148,3,TS
0.5,0,85,2,TS
1.5,0,169,2,TS
2,0,197,2,TS
2.5,0,200,2,TS
2,0,166,2,TS
1.5,0,126,2,TS
2.5,0,136,2,TS
1,0,170,2,TS
0.5,0,187,2,SB
3.6666666666666665,1,242,3,TS
5,1.5,267,2,TS
1,0,228,3,TS
0.5,0,74,2,TS
1.5,0.5,105,2,TS
1.5,0,124,2,TS
1.5,0,121,2,TS
2,0,113,2,TS
1.5,0,125,2,TS
2,0,158,2,TS
0,0,153,2,TS
1,0,87,2,TS
2.2,1.4,596,5,TS
2,0.8,563,5,SB
2,1.6,653,5,SB
2.75,1.5,527,4,SB
3,1.4,482,5,SB
4,1.5,445,4,SB
1,0,136,2,TS
1,0,703,7,SB
1.2222222222222223,0.1111111111111111,1021,9,SB
0,0.5,258,2,SB
0.8888888888888888,0.1111111111111111,988,9,SB
1,0.16666666666666666,584,6,SB
0.8333333333333334,0,586,6,SB
1,0,624,6,SB
1,0.16666666666666666,615,6,SB
1.3333333333333333,0,243,3,SB
1.25,0,353,4,SB
1.3333333333333333,0,253,3,SB
0,0,86,1,SB
0,0,86,1,SB
0,0,81,1,TS
3.5,0,268,2,SB
0.2,0,389,5,SB
1,0,154,2,TS
1.5,0,453,4,TS
5,0,112,1,TS
3.5,0,149,2,TS
4.333333333333333,0,407,3,SB
3.3333333333333335,0,401,3,SB
1,0,278,2,SB
3.3333333333333335,0,388,3,SB
0.5,0,114,2,TS
3.5,2,179,2,TS
4,2,226,2,SB
0.5,0,225,2,SB
2.5,0,106,2,TS
2.5,0,101,2,TS
2,0,260,2,SB
1,0,199,2,TS
2,0,314,3,SB
1,0,270,2,SB
1.25,0,423,4,SB
3,0,141,2,TS
2,2.5,232,2,SB
2.5,2.5,129,2,TS
2.2,1,463,5,SB
2,0,172,2,SB
0.5,0,247,2,SB
3,0,276,2,SB
0.5,0.25,381,4,SB
2.6666666666666665,1.1666666666666667,653,6,SB
1,0,277,2,SB
3,1.25,499,4,SB
2.8,1.4,522,5,SB
2.6,1.4,505,5,SB
3.6666666666666665,1.6666666666666667,278,3,SB
2,0.6666666666666666,722,6,SB
1.5833333333333333,0.5833333333333334,1314,12,SB
1.625,0.5,966,8,SB
2.2,0.7,1267,10,SB
1.875,0.875,1005,8,SB
1.8,0.7,1286,10,SB
1.5,0,166,2,TS
2,0,224,2,SB
2.5714285714285716,0.7142857142857143,731,7,SB
2.5,0.5,469,4,SB
3.142857142857143,0.7142857142857143,744,7,SB
2.4444444444444446,0.7777777777777778,1134,9,SB
2.2857142857142856,1,913,7,SB
2.125,0.875,943,8,SB
2.25,0.5,445,4,SB
2.5,0.5,407,4,SB
3,0.6,598,5,SB
2.5,1,506,4,SB
1,0,126,2,TS
2,0.8,603,5,SB
4.6,1.4,646,5,SB
2.1666666666666665,1.3333333333333333,746,6,SB
2.2,0.8,646,5,SB
2.75,1,449,4,SB
2.6666666666666665,0.6666666666666666,361,3,SB
2,1,203,2,TS
4,2.5,256,2,SB
2.6666666666666665,0.6666666666666666,712,6,SB
3,0.875,843,8,SB
0.6666666666666666,1,216,3,TS
3.7142857142857144,1.1428571428571428,804,7,SB
3.4285714285714284,1,783,7,SB
1.6666666666666667,0.3333333333333333,693,6,SB
1.8,0.4,499,5,SB
2.25,0.5,469,4,SB
2.25,0.75,479,4,SB
0,0,157,2,SB
7,3,135,1,TS
1,0,253,2,SB
3,1.5,261,2,SB
1,1.5,155,2,TS
2,2,208,2,SB
1,0.3333333333333333,357,3,SB
1.6666666666666667,0,373,3,SB
0,0,93,2,SB
1,0.3333333333333333,330,3,SB
1.1666666666666667,0.16666666666666666,793,6,SB
0.2,0,660,5,SB
1,0.16666666666666666,786,6,SB
1.5,0.16666666666666666,788,6,SB
0.4,0,558,5,SB
1,0,170,2,SB
0.2,0,596,5,SB
0.6,0,677,5,SB
1.25,0,482,4,SB
0.3333333333333333,0.3333333333333333,335,3,SB
2.2,0.6,525,5,SB
2,0.6,574,5,SB
2,0.6,523,5,SB
1,0,240,2,SB
0.5,0,167,2,SB
6.5,2.5,167,2,SB
0.4,0.2,474,5,SB
0.5,0,243,2,TS
0,0,70,1,SB
1.6666666666666667,0,331,3,SB
0,0,279,2,SB
1.5,0,200,2,SB
0,0,199,2,SB
1.5,0.5,268,2,SB
1.8,0,636,5,SB
2.75,0,535,4,SB
2.6666666666666665,0,394,3,SB
1,0.3333333333333333,402,3,SB
2.6666666666666665,0,370,3,SB
1.5,0.5,266,2,SB
2,1,413,3,SB
1.5,0,131,2,TS
0,0,245,2,TS
3.6666666666666665,0,227,3,SB
0,0,235,2,SB
0.3333333333333333,0,271,3,SB
1,0,257,2,SB
0,0,214,2,SB
1,1,242,2,SB
0,0,232,2,SB
0,0,244,3,SB
0.3333333333333333,0,272,3,SB
0.5,0,234,2,SB
3,0,393,3,SB
1.5,0,223,2,TS
0,0.5,209,2,SB
0,0,206,2,SB
4,0,130,1,SB
1.6666666666666667,0.3333333333333333,294,3,SB
1,0.6666666666666666,306,3,SB
1.5,1,252,2,SB
2,0,258,2,SB
5.5,0,179,2,SB
0.5,0,145,2,TS
0.5,0,121,2,TS
0.9,0,817,10,SB
1.125,0,659,8,SB
0.6666666666666666,0,221,3,SB
0.3333333333333333,0,199,3,SB
0.6666666666666666,0.3333333333333333,287,3,SB
1,0.3333333333333333,193,3,SB
0.8333333333333334,0,692,6,SB
0.25,0.5,508,4,SB
0.4,0.2,450,5,SB
0,0.3333333333333333,332,3,SB
0,0.5,230,2,SB
0.5,0.5,172,2,SB
0.6666666666666666,0,409,3,SB
2.5,0.5,219,2,SB
2,0.3333333333333333,337,3,SB
1.5,0,170,2,TS
1,0.6666666666666666,356,3,SB
1.3333333333333333,0,289,3,SB
1.5,0,129,2,TS
0.875,0.125,914,8,SB
0.6666666666666666,0,327,3,SB
1.3333333333333333,0,284,3,SB
1,0,197,2,TS
0.8,0.2,346,5,SB
0.6666666666666666,0,192,3,SB
1.5,0,116,2,SB
1.6666666666666667,0,349,3,SB
2,1,161,2,SB
1.8,0.2,414,5,SB
2.5,0.5,180,2,SB
1,0,114,2,SB
0.5,0,170,2,SB
5,0,83,1,SB
1.5,0,162,2,SB
0,0,54,1,SB
2.5,0.5,144,2,SB
1,0,158,2,SB
1,0,170,2,SB
1,0.5,255,2,SB
1.6666666666666667,0.3333333333333333,271,3,SB
0.5,0.5,274,2,SB
0.5,0,241,2,SB
0,0.5,244,2,SB
0.6666666666666666,0.3333333333333333,365,3,SB
0.3333333333333333,0,132,3,TS
0.5,1,94,2,SB
0.3333333333333333,1.3333333333333333,388,3,SB
0.5,2,232,2,SB
0.5,0.25,370,4,SB
0.3333333333333333,0,272,3,SB
0,0.3333333333333333,377,3,SB
2,1,226,2,SB
1.5,0.5,201,2,SB
1.5,0,146,2,TS
0.5,0,69,2,TS
0.3333333333333333,0.6666666666666666,232,3,SB
2.3333333333333335,1,301,3,SB
1.6666666666666667,1,213,3,TS
1.6666666666666667,1,212,3,TS
0.4,0,348,5,TS
0.5,0,221,2,TS
0.6666666666666666,0,138,3,TS
0.5,0,65,2,TS
0,0,94,2,TS
0.5,0.16666666666666666,697,6,SB
0,0,321,3,SB
0.6666666666666666,0.3333333333333333,717,6,SB
0.8333333333333334,0.16666666666666666,699,6,SB
1,0.3333333333333333,322,3,SB
0.6666666666666666,0.3333333333333333,308,3,SB
0.75,0.75,407,4,SB
0.4,0.6,517,5,SB
1,1.5,222,2,SB
1,0.8,481,5,SB
0.25,0,169,4,TS
0,0,100,2,TS
1,0.2,420,5,SB
2,1,243,2,TS
0.75,0.75,468,4,SB
0.16666666666666666,0,600,6,SB
0.25,0,442,4,SB
0.2,0.2,504,5,SB
0.6666666666666666,0.6666666666666666,412,3,SB
0.6666666666666666,0.3333333333333333,409,3,SB
1,0.5,265,2,SB
1.5,1,512,4,SB
0.6923076923076923,0.07692307692307693,1196,13,SB
0.5,0,224,2,SB
1.5,0.5,230,2,SB
0.3333333333333333,0,266,3,SB
0.5,0,244,2,SB
2,2,227,2,SB
0.5,0.8333333333333334,723,6,SB
0.8333333333333334,0.8333333333333334,694,6,SB
1,1.25,491,4,SB
0.8,1,562,5,SB
2,2.5,266,2,SB
0.8,0.2,605,5,SB
0,0,164,2,TS
0.5,0,254,2,SB
0.5,0,250,2,SB
3,1,129,1,SB
1,0.3333333333333333,399,3,SB
2,0.5,270,2,SB
0.6,0,535,5,SB
1.5,0,270,2,SB
1,1,700,6,SB
0.75,0.375,958,8,SB
1,0,356,3,SB
0.8571428571428571,0.7142857142857143,861,7,SB
0.8,0.6,611,5,SB
0.8,0.6,621,5,SB
0,0,110,1,SB
0.6666666666666666,0,322,3,SB
0.5,0,310,4,SB
0.75,0,299,4,SB
1,0,298,4,SB
0,0,268,2,SB
1,1,913,8,SB
2.1666666666666665,1.8333333333333333,747,6,SB
2.6666666666666665,1.8333333333333333,714,6,SB
2.6,1.6,590,5,SB
4.666666666666667,2.3333333333333335,410,3,SB
5.5,3.5,280,2,SB
6.5,3.5,265,2,SB
0,0.5,271,2,SB
1.6666666666666667,0.3333333333333333,301,3,SB
1.5,0.5,197,2,SB
0.375,0.375,894,8,SB
0.8333333333333334,0.3333333333333333,532,6,SB
0.5,0,283,2,SB
0.8,0.4,532,5,SB
0.3333333333333333,0.6666666666666666,310,3,SB
0.3333333333333333,0.3333333333333333,321,3,SB
2,0.5,264,2,SB
1,0.5,269,2,SB
0.6666666666666666,0,300,3,SB
1,0,210,2,SB
0.6666666666666666,0.3333333333333333,266,3,SB
0.2,0.1,953,10,SB
0.5,0,132,2,TS
0.3333333333333333,0,286,3,TS
0,0,252,3,TS
0,0,88,2,SB
0.4,0,586,5,TS
1,0,285,3,TS
0,0,140,2,TS
0.5,0,257,4,TS
0.5,0,421,4,SB
0.6666666666666666,0,199,3,TS
1.3333333333333333,0,176,3,TS
1,0,227,3,TS
0.2857142857142857,0.21428571428571427,1804,14,SB
0.3333333333333333,0.25,1572,12,SB
0.875,0.5,966,8,SB
1,0.5,278,2,SB
0,0,162,2,SB
0.16666666666666666,0.3333333333333333,548,6,SB
0,0,637,7,SB
0.25,0,386,4,SB
0.16666666666666666,0.16666666666666666,543,6,SB
0.5,0,272,2,SB
0.5,0,222,2,SB
0.5,0,262,2,SB
0.5,0,207,2,SB
0.14285714285714285,0.14285714285714285,669,7,SB
0,0.16666666666666666,558,6,SB
0.25,0.25,356,4,SB
0.4,0.1,1030,10,SB
0.5,0.2,1036,10,SB
0.5,0.5,188,2,SB
0.4,0.2,1044,10,SB
0.42857142857142855,0.14285714285714285,689,7,SB
0.6,0,471,5,SB
0.3333333333333333,0.16666666666666666,467,6,SB
0.5,0,321,4,SB
0.3333333333333333,0,240,3,SB
0.5,0,128,2,SB
0.16666666666666666,0,728,6,SB
0.16666666666666666,0,684,6,SB
0,0,537,5,SB
0.3333333333333333,0,196,3,TS
0,0,203,2,SB
0,0,530,5,SB
0,0,493,5,SB
0.5,0.5,220,2,SB
0,0,180,2,TS
0.5,1,266,2,SB
0.6666666666666666,0.3333333333333333,316,3,SB
0.75,0.25,409,4,SB
2,0.5,268,2,SB
1.5555555555555556,1.5555555555555556,1087,9,SB
1.625,1.625,943,8,SB
0.75,0,484,4,SB
1.7777777777777777,1.5555555555555556,1087,9,SB
1.7142857142857142,1.8571428571428572,883,7,SB
2,2.1666666666666665,660,6,SB
1,1.6,538,5,SB
1.25,1.75,441,4,SB
1.25,1.75,491,4,SB
1.25,1.75,465,4,SB
0.5,0,235,2,TS
0,0,230,3,SB
1.6666666666666667,0.6666666666666666,323,3,SB
0,0,126,2,TS
0,0,386,3,SB
1,0,600,5,SB
0.5,0,265,2,SB
1,0.5,265,2,SB
0,0,287,3,TS
0,0,226,2,SB
1.1666666666666667,0.5,565,6,SB
1,0.5,209,2,TS
1,0,351,3,SB
1,0,329,3,SB
0,0,477,4,SB
0.5,0,199,2,SB
1.6666666666666667,0.6666666666666666,271,3,SB
0.5,0.5,149,2,SB
0.5,0.5,129,2,SB
0.8571428571428571,0.2857142857142857,742,7,SB
1.1666666666666667,0.3333333333333333,760,6,SB
0.6,0.2,445,5,SB
0.4,0,420,5,SB
0.3333333333333333,0.3333333333333333,581,6,SB
0.4,0,452,5,SB
0,0,590,5,SB
1.5714285714285714,1.7142857142857142,863,7,SB
1.8571428571428572,1.7142857142857142,865,7,SB
1.8333333333333333,1.6666666666666667,734,6,SB
2,2.2,602,5,SB
1.4,1.8,604,5,SB
1,1.5,372,4,SB
1.6666666666666667,2.3333333333333335,356,3,SB
2,2.3333333333333335,320,3,SB
2,2.3333333333333335,275,3,SB
2,3,257,2,SB
0,0,155,2,SB
1.5,0,274,2,SB
1.5,0.5,235,2,SB
0.4,0.4,585,5,SB
0.5,0.75,431,4,SB
0,0,285,3,SB
0.5,0,233,2,SB
0.5,0,269,2,SB
1,1,313,3,TS
1.3333333333333333,1,402,3,TS
0.6666666666666666,1,374,3,TS
0.5714285714285714,0,927,7,SB
1,0,145,2,TS
1,0,123,2,TS
0.5555555555555556,0.5555555555555556,943,9,SB
0,0,191,3,TS
0,0,120,3,TS
0,0,125,2,TS
0,0,176,3,TS
0.5,0,116,2,TS
0.5,0,116,2,TS
0.5714285714285714,0,936,7,SB
0,0,60,2,TS
0.5,0,85,2,TS
1.3333333333333333,0,337,3,TS
0.6666666666666666,0,197,3,TS
0.5,0.5,102,2,TS
0,0,73,2,TS
0,0,69,2,TS
0.3333333333333333,0,336,3,TS
0.5,0,164,2,TS
0,0,107,2,TS
0.42857142857142855,0,941,7,SB
0,0,103,2,TS
1,0,104,2,TS
1,0,104,2,TS
0,0,33,1,TS
0,0,134,2,TS
0,0,37,1,TS
0.25,0,309,4,TS
0.5,0,109,2,TS
1.5,0,110,2,TS
0.25,0,170,4,TS
0.3,0,1128,10,SB
0.6666666666666666,0,186,3,TS
0,0,99,2,TS
0,0,156,2,TS
0,0,73,2,TS
0.6666666666666666,0,120,3,TS
0,0,53,2,TS
0,0,58,2,TS
0,0,167,2,TS
1,0,249,3,TS
0.7142857142857143,0,884,7,SB
0,0,137,2,TS
0,0,181,2,TS
0,0,100,2,TS
0.5,0,134,2,TS
0.6,0,685,5,SB
0.5,0,247,2,SB
0,0,210,2,TS
1.5,0.5,215,2,SB
0.5,0.07142857142857142,1436,14,SB
0.18181818181818182,0.09090909090909091,1070,11,SB
1.1111111111111112,0.3333333333333333,1058,9,SB
0.4444444444444444,0.3333333333333333,906,9,SB
0.2,0.1,984,10,SB
0.75,0.25,1235,12,SB
0.18181818181818182,0.18181818181818182,1231,11,SB
0.375,0.125,775,8,SB
0.6666666666666666,0.1111111111111111,948,9,SB
0.4444444444444444,0.1111111111111111,863,9,SB
0.3,0.1,940,10,SB
0.14285714285714285,0.2857142857142857,705,7,SB
1.2222222222222223,0.3333333333333333,1059,9,SB
0.2,0.2,482,5,SB
0.5,0.25,414,4,SB
1.2,0,586,5,SB
1.6666666666666667,0,307,3,SB
1.25,0,398,4,SB
1.3333333333333333,0,336,3,SB
2,0,153,2,TS
1.75,0,356,4,SB
1.3333333333333333,0,570,6,SB
1,0,180,2,TS
0.625,0.25,916,8,SB
1,0,163,2,TS
0,0,336,5,SB
0,0.3333333333333333,234,3,SB
1,0,234,2,TS
2,1,269,2,SB
1.75,0.75,485,4,SB
2.3333333333333335,1.6666666666666667,317,3,SB
2.5,1,280,2,SB
0,0,279,3,SB
0.8333333333333334,0.3333333333333333,716,6,SB
0.6666666666666666,0,190,3,TS
0.6666666666666666,0,229,3,SB
2,0.5,182,2,TS
0,0,115,2,TS
0,0,108,2,TS
1.5,0.25,476,4,SB
1.5,0.25,483,4,SB
1.5,0.5,174,2,TS
0,0,148,2,TS
1.3333333333333333,0,291,3,SB
0.5,0.25,968,8,SB
0.5,0,164,2,SB
0.5,0.5,686,6,SB
0.5,0,237,2,TS
0.5,0.5,247,2,SB
0.5,0,234,2,SB
1.5,0.25,412,4,SB
1.3333333333333333,0,380,3,SB
2,1,320,3,SB
2,1,344,3,SB
0.6666666666666666,0.3333333333333333,686,6,SB
3,1.5,153,2,TS
3,1.5,215,2,SB
0,0,300,3,SB
1,0,307,3,SB
0,0,97,1,TS
0.5,0,172,2,TS
1,0,192,2,SB
0,0,217,2,TS
1,0,168,2,SB
0,0,184,2,SB
0.8333333333333334,0.3333333333333333,716,6,SB
0,0,245,2,SB
2.5,1,266,2,SB
0.5,0,427,4,SB
0,0,413,3,SB
1.6666666666666667,0,332,3,SB
0.75,0.08333333333333333,1440,12,SB
0.5,0,271,2,SB
1.3333333333333333,0.3333333333333333,335,3,SB
1.6,0.2,557,5,SB
4.5,1,263,2,SB
1.125,0.375,965,8,SB
2,0,234,2,SB
2,0,258,2,SB
0.6,0,352,5,SB
0.6,0,353,5,SB
1,0,267,2,SB
0,0,231,2,TS
0.5,0,224,2,SB
0.2727272727272727,0.18181818181818182,1427,11,SB
0.75,0.25,544,4,SB
0.6666666666666666,0,410,3,SB
1,0.375,956,8,SB
1,0.5714285714285714,676,7,SB
0.75,0.25,446,4,SB
0,0.5,272,2,TS
1.5,0.5,157,2,TS
1.6666666666666667,0.3333333333333333,602,6,TS
0.6666666666666666,0.6666666666666666,245,3,TS
1,0.6666666666666666,242,3,TS
0.5,0,147,2,TS
0.5,0,162,2,TS
0,0,61,2,TS
1,0,265,3,TS
1,0.2857142857142857,820,7,SB
0,0,106,2,TS
0,0,121,2,TS
0,0,121,2,TS
0.5,0,177,2,TS
0.5,0,118,2,TS
0.5,0,107,2,TS
0,0,87,3,TS
0,0,69,2,TS
0.3333333333333333,0,187,3,TS
0.3333333333333333,0,551,6,TS
1.1428571428571428,0.2857142857142857,763,7,SB
0.5,0,143,2,TS
0.5,0,103,2,TS
0,0,74,2,TS
0,0,74,2,TS
0.5,0,146,2,TS
0,0,135,2,TS
0,0,64,2,TS
0,1,60,1,TS
0,0,32,1,TS
0.5,0,268,4,TS
1,0.8,604,5,SB
0.3333333333333333,0,197,3,TS
0,0,155,2,TS
0,0,142,2,TS
0,0,109,2,TS
1.5,0,73,2,TS
1.5,0,67,2,TS
1.5,0,94,2,TS
2,0,95,2,TS
0.5,0,60,2,TS
1.5,0,269,4,TS
0.3333333333333333,0.3333333333333333,403,3,SB
2,0,120,2,TS
0,0,54,2,TS
0,0,58,2,TS
0,0,28,1,TS
1.5,0,164,2,TS
1.5,0,182,2,TS
2,0,184,2,TS
0,0,32,1,TS
1.75,0,312,4,TS
1.75,0,256,4,TS
0,0,396,4,SB
2,0,212,3,TS
0.75,0.5,955,8,SB
0.625,0.5,907,8,SB
0.5,0.5,518,4,SB
0.4,0,454,5,SB
0,0,147,2,SB
2,1,204,2,SB
0,0,188,2,SB
0,0,122,2,SB
0,0,290,3,SB
0,0.3333333333333333,395,3,SB
1.5,0.5,230,2,TS
0,0,277,3,SB
0,0.3333333333333333,657,6,SB
1,0,269,3,SB
0,0,189,2,SB
0.75,0,456,4,SB
0.5,0,182,2,SB
1.8333333333333333,0.8333333333333334,711,6,SB
0.5,0,153,2,TS
0.3333333333333333,0,252,3,SB
0.8,0.8,541,5,SB
0.8333333333333334,0.5,653,6,SB
0.8333333333333334,0.5,684,6,SB
1,0.5,421,4,SB
1,0.3333333333333333,304,3,SB
0.5,0,64,2,TS
0.3333333333333333,0,394,6,TS
1.3333333333333333,0.3333333333333333,384,3,SB
0,0,204,2,TS
0,0,203,2,SB
1.1428571428571428,0.2857142857142857,713,7,SB
1.6,0.4,548,5,SB
1.6666666666666667,0.6666666666666666,379,3,SB
0.5,0,892,8,SB
0.6666666666666666,0,708,6,SB
1,0,479,4,SB
1,0,479,4,SB
1,0,453,4,SB
0.4,0.2,409,5,SB
0,0,154,2,SB
1,0,170,2,TS
0.3333333333333333,0,330,3,SB
1,0,189,2,TS
0.25,0.5,343,4,SB
2,0,196,2,TS
2,0,180,2,TS
0.6,0.2,430,5,SB
0.75,0.25,370,4,SB
2.5,0.5,225,2,TS
0,0,238,3,SB
0,0,66,2,TS
1,0.3333333333333333,626,6,SB
1.75,1.25,372,4,SB
2.5,0.5,272,2,SB
2,0,249,2,SB
2,1,254,2,SB
1,0,149,2,TS
1,0,172,2,TS
0,0,136,1,SB
0.4,0.6,559,5,SB
1.6666666666666667,0.6666666666666666,278,3,SB
0.5,0,153,2,TS
0.4,0.4,607,5,SB
1.75,0.5,355,4,SB
0.25,0,302,4,SB
0.6,0.6,639,5,SB
1,0.5,275,2,SB
0.25,0.25,489,4,SB
0,0,123,2,TS
0.4,0,508,5,SB
0.75,0,430,4,SB
0.5,0.5,258,2,SB
0,0,482,5,SB
1.1666666666666667,0.5,723,6,SB
0.5,0.5,216,2,SB
0,0,80,1,TS
0.3333333333333333,0,303,3,SB
1,0,396,4,SB
0.6666666666666666,1,233,3,TS
0.75,0.25,368,4,TS
0,0,242,2,TS
1.5,0,144,2,TS
0.5,0,120,2,TS
0,0,169,2,TS
0.6,0.6,614,5,SB
0,0,192,2,TS
0.3333333333333333,0,309,3,TS
0,0,157,2,TS
0,0,101,2,TS
0.5,0,104,2,TS
0.2,0,477,5,SB
0,0,115,1,SB
0.6666666666666666,0,334,3,TS
0,0,155,2,TS
0,0,201,2,SB
0.5,0.75,528,4,SB
0.2,0,550,5,SB
0.25,0,433,4,SB
0.25,0,447,4,SB
0,0,425,4,SB
0.3333333333333333,0.3333333333333333,259,3,SB
1,0.4,554,5,SB
0.3333333333333333,0.3333333333333333,290,3,TS
0.8,1.2,619,5,SB
1.4285714285714286,0.8571428571428571,802,7,SB
1,0.3333333333333333,259,3,SB
1,1,249,2,SB
0,0,312,3,SB
0,0,307,3,SB
0,0,286,3,SB
1,0.25,470,4,TS
1.5,0,190,2,SB
0,0.3333333333333333,290,3,SB
1.5,0.5,264,2,SB
1,0.5,409,4,SB
0.6,0.2,491,5,TS
1,1,217,2,SB
0.5,0.5,212,2,SB
1,0,270,2,SB
0.5,0,196,2,SB
0.5,0.125,776,8,SB
0.42857142857142855,0.14285714285714285,709,7,SB
0.25,0,389,4,SB
0,0,261,3,SB
0,0,240,3,SB
0,0,277,3,SB
0,0,52,1,SB
1,1,191,2,SB
0.5,1,249,2,SB
0.2,0.2,470,5,SB
0.6666666666666666,0.2222222222222222,1039,9,SB
0.5714285714285714,0.5714285714285714,860,7,SB
0.6666666666666666,0.2222222222222222,1034,9,SB
0.5,0.25,922,8,TS
0.5,0.5,147,2,SB
0.6,0.4,540,5,SB
0.6,0.4,573,5,SB
0.5,0.5,476,4,SB
1.5,0.5,240,2,SB
0.75,0.5,444,4,SB
0.6666666666666666,0.3333333333333333,338,3,SB
0.8,0.4,608,5,SB
0.3333333333333333,0.6666666666666666,349,3,SB
0.5,0,218,2,SB
0.25,0.25,470,4,SB
1,0.5,178,2,SB
0.25,0,407,4,SB
0.7142857142857143,0,791,7,SB
1,0,97,1,TS
0.5,0,183,2,SB
0,0,113,1,SB
0.6666666666666666,0,274,3,SB
1.3333333333333333,0,323,3,SB
1.3333333333333333,0.3333333333333333,215,3,SB
1.75,0.25,530,4,SB
0.3333333333333333,0,414,3,SB
2,1,276,2,TS
0,0,98,1,TS
0.6666666666666666,0.6666666666666666,297,3,SB
0,0,201,2,SB
0.6666666666666666,1,331,3,SB
0.5,1.5,259,2,SB
0.5,0,363,4,SB
1.6666666666666667,2,416,3,SB
0.5,0,226,2,TS
1,1,204,2,SB
0,0,133,1,SB
0.7777777777777778,0.2222222222222222,1030,9,SB
1,0.375,857,8,SB
1.1428571428571428,0.2857142857142857,765,7,SB
0.5,0.5,136,2,TS
1,0.6666666666666666,391,3,SB
1.2,0.6,561,5,SB
1.5,1,245,2,SB
0.25,0.125,879,8,SB
0.5,0.25,536,4,SB
0.6666666666666666,0,346,3,SB
0,0.3333333333333333,339,3,SB
0,0,90,1,SB
0,0,312,3,SB
0.5,0,179,2,SB
0.3333333333333333,0.3333333333333333,317,3,SB
0.3333333333333333,0.6666666666666666,358,3,SB
0,0,325,3,SB
1,0,189,2,SB
1,0.5,196,2,SB
2,1.5,245,2,SB
1,0.25,884,8,SB
0.875,0.125,920,8,SB
0.8571428571428571,0.14285714285714285,816,7,SB
1.3333333333333333,0.16666666666666666,624,6,SB
0.5,0,149,2,SB
0,0.5,254,2,SB
0.6666666666666666,1,389,3,SB
3,0.5,224,2,SB
2.5,0.5,187,2,TS
0.5,0.5,233,2,SB
1.5,0.5,265,2,SB
0.75,0.75,459,4,SB
0.5,0.5,226,2,SB
0,0.5,242,2,SB
0,0,324,3,SB
0,0,246,3,TS
0.5,0.5,493,4,SB
0,0,173,3,TS
1.5,1,187,2,SB
0,0,112,2,TS
0,0,246,2,SB
0.2,0,612,5,SB
1,0.2,580,5,SB
0.5,0.25,456,4,SB
0,0,201,2,SB
0,0.5,126,2,TS
1.3333333333333333,0.6666666666666666,245,3,TS
0.3333333333333333,0.6666666666666666,375,3,SB
0,0,137,2,TS
0,0,136,2,TS
2,1,240,2,TS
1,0,178,2,TS
1,0,151,2,TS
1,0,140,2,TS
0.5,0,140,2,TS
0.5,0,160,2,TS
0.5,0,149,2,TS
0.5,0,131,2,TS
0.6666666666666666,0.3333333333333333,283,3,SB
0,0,97,2,TS
0,0,43,1,TS
0,0,39,1,TS
0.2,0.2,252,5,TS
0.25,0,245,4,TS
0,0,161,3,TS
0,0,164,3,TS
0,0,144,3,TS
0,0,51,2,TS
0,0.3333333333333333,228,3,TS
0,0.5,170,2,TS
0,0,60,2,TS
0.25,0.25,349,4,SB
0.6666666666666666,0.3333333333333333,291,3,TS
0,0.2,467,5,SB
0,0,331,3,SB
0,0,201,2,SB
0,0,323,4,SB
0,0,225,2,SB
0,0,542,6,SB
0.5,0,243,2,SB
0,0,239,3,SB
0.5,0,360,4,TS
0,0,93,2,TS
0,0,220,2,SB
0,0,158,2,SB
0.25,0,377,4,SB
0.3333333333333333,0.6666666666666666,252,3,SB
0.5,1,205,2,SB
4.5,3.5,267,2,SB
0.3333333333333333,0,262,3,SB
1.4,0.8,647,5,SB
0.25,0,334,4,SB
0.25,0,373,4,SB
0.25,0,360,4,SB
1.5,0,220,2,SB
1,0,248,2,SB
1.5,0,245,2,SB
0.25,0,982,8,SB
1,0,209,2,SB
0.6666666666666666,0,260,3,SB
0.5,0,168,2,SB
1.6,1,638,5,SB
0.5,0,232,2,SB
0.5,0,114,2,SB
0.5,0.5,251,2,TS
0.6666666666666666,1,363,3,SB
0.08333333333333333,0.08333333333333333,1391,12,SB
0,0,1593,14,SB
0.07142857142857142,0.07142857142857142,1708,14,SB
0,0,1849,16,SB
0,0,943,8,SB
0.4,0,576,5,SB
1.5,0,210,2,TS
2.75,0.75,529,4,SB
0,0,216,2,SB
0.3,0.2,1074,10,SB
0.3,0.2,923,10,SB
1,0.5714285714285714,723,7,SB
0.5,0.5,606,6,SB
0.6,0.6,588,5,SB
1,0.5714285714285714,712,7,SB
0.75,0.5,500,4,SB
0.3333333333333333,0,285,3,SB
0.1111111111111111,0,953,9,SB
2.5,0.5,255,2,SB
0.42857142857142855,0,747,7,SB
0.3333333333333333,0,354,3,SB
0.3333333333333333,0,256,3,SB
0,0,216,2,SB
0.6666666666666666,0.3333333333333333,394,3,SB
0.16666666666666666,0.16666666666666666,353,6,SB
1,0,132,2,SB
1,1,443,4,SB
1.3333333333333333,1.3333333333333333,366,3,SB
0.5,0,223,2,SB
2.3333333333333335,1,346,3,SB
1.5,0.5,243,2,SB
0.6,0,460,5,SB
0.75,0,372,4,SB
1.5,0,206,2,SB
1.5,0.5,162,2,TS
1.1666666666666667,0.16666666666666666,697,6,SB
0.6666666666666666,0,299,3,SB
1,0,89,1,SB
0.5,0,301,4,SB
1,0,231,3,SB
1.3333333333333333,0.3333333333333333,392,3,SB
0.5,0,146,2,TS
0.25,0,281,4,TS
0.4,0.2,563,5,TS
0.5,0,155,2,SB
0,0,116,2,TS
0.5,0,145,2,TS
0.5,0,122,2,TS
1,0,141,3,TS
1,0,104,2,TS
1.6666666666666667,0.3333333333333333,169,3,TS
1.5,0.5,355,4,SB
0.5,0,105,2,TS
2,0.5,215,2,TS
0,0,65,1,SB
0,0,354,3,SB
1,0,221,2,SB
0.3333333333333333,0,360,3,SB
4,0.5,193,2,SB
3.5,0.5,202,2,SB
1.5,0.5,153,2,SB
0.5,0,156,2,SB
2,0.5,255,2,SB
1.25,0.125,933,8,SB
1.5,0.5,261,2,SB
3,0,136,1,SB
1.7777777777777777,1.6666666666666667,982,9,SB
1.8333333333333333,2.3333333333333335,689,6,SB
1.6666666666666667,2.1666666666666665,671,6,SB
2.75,3,418,4,SB
1.875,1.875,866,8,SB
1.625,1.625,827,8,SB
1.5714285714285714,1.8571428571428572,765,7,SB
0,0,177,2,SB
2.5,1.5,152,2,SB
2.6666666666666665,1.6666666666666667,394,3,SB
0,0.2,343,5,SB
0,0,126,2,TS
1.5,0,210,2,SB
0.5,0.3333333333333333,503,6,SB
0.5,0.3333333333333333,517,6,SB
0,0,196,2,SB
1,1,341,3,SB
1.6666666666666667,0.3333333333333333,310,3,SB
0.5,1,272,2,SB
0.5,0,180,2,SB
0.4,0.6,276,5,SB
2,1.5,260,2,SB
1.5,1,230,2,SB
1,2,257,2,SB
0.5,0.5,625,6,SB
0.25,0.5,492,4,SB
2,1.25,487,4,SB
1,0.3333333333333333,398,3,SB
1.5,0,171,2,SB
0.5,0,258,2,SB
3,1.3333333333333333,344,3,SB
3.5,1.5,264,2,SB
2.5,1,246,2,SB
1.5,1.5,263,2,SB
0.3333333333333333,0.3333333333333333,205,3,SB
3,4,182,2,SB
0,0,371,3,SB
0.5,0,209,2,SB
1.6666666666666667,0.6666666666666666,372,3,SB
0.5,0,219,2,SB
0.1111111111111111,0,1975,18,SB
2.5,0.5,201,2,SB
2,2,136,1,SB
1.6666666666666667,1.2222222222222223,1064,9,SB
1.6666666666666667,0.6666666666666666,378,3,TS
0,0,128,2,TS
1,0.6666666666666666,275,3,SB
0.5,0,167,2,TS
1,0,334,3,TS
1,0,239,2,TS
0.5,0,173,2,TS
0,0,47,1,TS
2,1,52,1,TS
1,1,65,1,TS
1,0,50,1,TS
1,0,56,1,TS
0,0,71,1,TS
1,0,43,1,TS
3,2,116,1,TS
0,0,58,1,TS
1,1,50,1,TS
1,0,71,1,TS
0,1,138,1,TS
1,1,141,1,TS
0,0,101,1,TS
2,0,124,1,TS
2,1,107,1,TS
6,1,42,1,TS
0,0,72,1,TS
1,0,100,1,TS
1,0,126,1,TS
0,0,54,1,TS
0,0,138,1,TS
1,2,138,1,TS
0,0,51,1,TS
0,0,132,1,TS
0,0,99,1,TS
2,0,69,1,TS
0,0,101,1,TS
0,0,68,1,TS
0,0,86,1,TS
0,0,134,1,TS
2,2,133,1,TS
0,0,68,1,TS
1,0,66,1,TS
1,0,90,1,TS
1,1,136,1,TS
4,2,140,1,TS
3,0,135,1,TS
0,0,71,1,TS
0,0,34,1,TS
2,0,124,1,TS
4,0,91,1,TS
0,0,49,1,TS
0,0,118,1,TS
1,0,70,1,TS
0,0,96,1,TS
0,0,53,1,TS
1,1,49,1,TS
1,4,138,1,TS
0,0,35,1,TS
4,0,67,1,TS
3,0,139,1,TS
2,0,54,1,TS
1,1,105,1,TS
1,0,136,1,TS
0,0,85,1,TS
2,0,133,1,TS
1,1,120,1,TS
0,0,22,1,TS
0,0,74,1,TS
1,0,134,1,TS
2,0,106,1,TS
0,0,124,1,TS
2,0,81,1,TS
0,0,80,1,TS
0,0,131,1,TS
2,0,138,1,TS
6,8,106,1,TS
4,1,100,1,TS
0,0,129,1,TS
2,0,107,1,TS
5,1,138,1,TS
2,0,140,1,TS
0,0,103,1,TS
2,0,38,1,TS
0,0,73,1,TS
3,0,133,1,TS
0,0,66,1,TS
0,1,110,1,TS
0,0,97,1,TS
1,0,40,1,TS
1,0,103,1,TS
1,2,127,1,TS
0,0,83,1,TS
2,1,95,1,TS
0,0,40,1,TS
2,1,95,1,TS
0,0,39,1,TS
0,0,32,1,TS
2,1,120,1,TS
1,0,51,1,TS
1,0,52,1,TS
0,0,73,1,TS
0,0,68,1,TS
1,0,95,1,TS
2,0,89,1,TS
1,0,123,1,TS
2,0,78,1,TS
0,0,58,1,TS
0,0,14,1,TS
7,3,101,1,TS
3,1,77,1,TS
35,22,81,1,TS
0,0,68,1,TS
0,0,69,1,TS
0,0,43,1,TS
0,0,125,1,TS
1,0,130,1,TS
0,0,130,1,TS
0,0,128,1,TS
1,0,79,1,TS
3,0,110,1,TS
1,1,103,1,TS
0,0,66,1,TS
2,0,139,1,TS
0,0,55,1,TS
0,0,127,1,TS
0,0,29,1,TS
0,0,92,1,TS
0,0,43,1,TS
6,0,47,1,TS
3,1,112,1,TS
1,0,112,1,TS
3,5,132,1,TS
1,1,106,1,TS
1,0,117,1,TS
0,0,133,1,TS
0,0,134,1,TS
1,0,111,1,TS
2,0,117,1,TS
6,2,106,1,TS
10,2,73,1,TS
2,0,60,1,TS
0,1,92,1,TS
9,11,82,1,TS
3,2,79,1,TS
2,6,74,1,TS
1,0,37,1,TS
3,1,69,1,TS
1,0,124,1,TS
2,0,72,1,TS
2,1,105,1,TS
1,0,132,1,TS
1,0,50,1,TS
0,1,136,1,TS
1,0,113,1,TS
0,0,103,1,TS
1,1,90,1,TS
1,1,138,1,TS
2,1,135,1,TS
1,0,95,1,TS
0,0,104,1,TS
5,4,128,1,TS
2,0,65,1,TS
2,1,102,1,TS
3,0,78,1,TS
0,0,65,1,TS
0,0,66,1,TS
0,0,57,1,TS
3,0,142,1,TS
1,0,39,1,TS
1,0,17,1,TS
1,0,42,1,TS
1,0,68,1,TS
7,7,121,1,TS
0,0,45,1,TS
0,0,110,1,TS
1,0,140,1,TS
0,0,27,1,TS
2,0,52,1,TS
2,0,58,1,TS
0,0,16,1,TS
1,0,85,1,TS
1,0,118,1,TS
0,0,45,1,TS
0,0,99,1,TS
3,0,139,1,TS
1,0,107,1,TS
3,0,50,1,TS
1,0,129,1,TS
2,3,110,1,TS
2,0,133,1,TS
0,0,74,1,TS
0,0,44,1,TS
0,0,79,1,TS
2,0,85,1,TS
1,0,61,1,TS
5,0,138,1,TS
1,1,127,1,TS
1,0,37,1,TS
1,1,143,1,TS
4,0,109,1,TS
1,0,60,1,TS
1,0,91,1,TS
2,0,63,1,TS
1,0,71,1,TS
7,7,108,1,TS
1,1,81,1,TS
2,0,123,1,TS
1,2,112,1,TS
0,1,140,1,TS
6,4,130,1,TS
6,4,135,1,TS
2,0,142,1,TS
1,1,139,1,TS
0,0,118,1,TS
2,0,73,1,TS
0,0,105,1,TS
0,0,142,1,TS
1,0,61,1,TS
2,0,60,1,TS
0,0,108,1,TS
2,0,83,1,TS
0,0,84,1,TS
2,0,38,1,TS
2,0,140,1,TS
0,0,111,1,TS
2,0,113,1,TS
5,7,67,1,TS
0,0,57,1,TS
0,0,40,1,TS
2,1,54,1,TS
1,0,127,1,TS
2,0,86,1,TS
1,2,127,1,TS
0,0,44,1,TS
1,2,46,1,TS
5,3,113,1,TS
0,0,33,1,TS
0,0,33,1,TS
0,0,63,1,TS
3,4,85,1,TS
0,0,34,1,TS
0,0,114,1,TS
5,1,60,1,TS
0,0,81,1,TS
3,0,67,1,TS
0,0,91,1,TS
2,0,61,1,TS
0,0,45,1,TS
0,0,78,1,TS
2,0,22,1,TS
1,0,74,1,TS
2,1,125,1,TS
4,1,137,1,TS
0,0,34,1,TS
2,0,138,1,TS
0,1,132,1,TS
2,0,96,1,TS
0,0,125,1,TS
0,0,72,1,TS
2,0,92,1,TS
0,0,64,1,TS
1,0,98,1,TS
1,0,109,1,TS
0,0,110,1,TS
3,1,111,1,TS
2,0,138,1,TS
1,0,69,1,TS
1,0,136,1,TS
0,0,67,1,TS
3,0,100,1,TS
0,0,110,1,TS
3,0,94,1,TS
0,1,131,1,TS
1,0,134,1,TS
0,0,110,1,TS
1,0,123,1,TS
1,0,120,1,TS
1,0,38,1,TS
0,0,33,1,TS
2,1,122,1,TS
1,0,69,1,TS
2,1,96,1,TS
0,1,100,1,TS
1,0,97,1,TS
0,0,45,1,TS
1,0,48,1,TS
1,0,78,1,TS
1,0,118,1,TS
0,0,47,1,TS
0,0,120,1,TS
0,0,63,1,TS
3,0,41,1,TS
0,0,68,1,TS
0,0,34,1,TS
3,1,134,1,TS
0,0,104,1,TS
4,1,69,1,TS
1,1,83,1,TS
1,1,115,1,TS
1,4,103,1,TS
0,0,79,1,TS
0,0,43,1,TS
2,0,88,1,TS
1,0,45,1,TS
2,0,100,1,TS
2,0,130,1,TS
0,0,105,1,TS
0,0,46,1,TS
0,0,83,1,TS
0,0,92,1,TS
3,1,83,1,TS
2,0,139,1,TS
1,0,77,1,TS
1,0,134,1,TS
0,0,136,1,TS
0,0,137,1,TS
2,1,137,1,TS
1,0,98,1,TS
3,0,139,1,TS
0,0,132,1,TS
0,0,66,1,TS
0,0,140,1,TS
1,0,119,1,TS
0,0,92,1,TS
0,0,95,1,TS
2,0,36,1,TS
0,0,96,1,TS
0,0,129,1,TS
0,0,110,1,TS
0,0,93,1,TS
2,0,52,1,TS
2,0,116,1,TS
1,0,123,1,TS
4,0,94,1,TS
3,0,68,1,TS
2,0,94,1,TS
4,0,90,1,TS
4,1,136,1,TS
0,0,44,1,TS
0,0,92,1,TS
0,0,139,1,TS
3,0,133,1,TS
4,0,78,1,TS
1,0,105,1,TS
0,0,136,1,TS
1,0,125,1,TS
1,0,99,1,TS
2,1,115,1,TS
1,1,127,1,TS
1,0,99,1,TS
0,0,51,1,TS
1,0,135,1,TS
1,0,59,1,TS
0,0,61,1,TS
0,0,133,1,TS
0,2,135,1,TS
0,0,81,1,TS
1,1,110,1,TS
9,0,108,1,TS
1,2,131,1,TS
0,1,46,1,TS
0,1,140,1,TS
2,0,54,1,TS
1,0,111,1,TS
2,1,141,1,TS
2,0,93,1,TS
2,1,43,1,TS
1,1,109,1,TS
0,0,139,1,TS
1,0,137,1,TS
1,0,105,1,TS
1,0,81,1,TS
0,1,110,1,TS
1,0,74,1,TS
2,0,62,1,TS
0,0,52,1,TS
1,0,60,1,TS
0,0,97,1,TS
0,0,87,1,TS
0,0,110,1,TS
3,1,116,1,TS
1,0,136,1,TS
1,0,125,1,TS
2,0,139,1,TS
0,0,86,1,TS
0,0,76,1,TS
2,0,109,1,TS
0,0,104,1,TS
1,0,126,1,TS
0,1,110,1,TS
0,0,102,1,TS
0,0,137,1,TS
0,1,112,1,TS
1,1,131,1,TS
1,1,64,1,TS
1,0,132,1,TS
0,0,78,1,TS
3,2,83,1,TS
1,2,107,1,TS
0,0,110,1,TS
0,1,71,1,TS
2,0,143,1,TS
3,4,131,1,TS
1,0,131,1,TS
0,0,138,1,TS
0,0,55,1,TS
0,0,99,1,TS
1,1,133,1,TS
0,0,85,1,TS
0,0,121,1,TS
2,0,87,1,TS
4,1,131,1,TS
2,0,136,1,TS
0,0,57,1,TS
0,0,69,1,TS
0,0,75,1,TS
1,0,112,1,TS
0,0,72,1,TS
0,0,75,1,TS
2,2,95,1,TS
2,0,76,1,TS
2,1,96,1,TS
1,1,64,1,TS
0,0,140,1,TS
1,0,47,1,TS
3,0,66,1,TS
5,2,143,1,TS
0,0,40,1,TS
1,0,41,1,TS
3,1,96,1,TS
0,0,103,1,TS
1,2,131,1,TS
1,0,134,1,TS
0,0,47,1,TS
3,3,113,1,TS
0,1,139,1,TS
1,1,139,1,TS
1,0,84,1,TS
0,0,54,1,TS
1,0,48,1,TS
0,0,64,1,TS
0,1,45,1,TS
1,0,131,1,TS
0,0,83,1,TS
0,0,74,1,TS
1,1,133,1,TS
1,0,89,1,TS
1,0,126,1,TS
0,0,126,1,TS
2,0,138,1,TS
1,0,139,1,TS
1,1,118,1,TS
0,0,67,1,TS
0,0,99,1,TS
1,0,92,1,TS
0,0,93,1,TS
4,0,134,1,TS
1,1,66,1,TS
0,0,34,1,TS
0,0,135,1,TS
0,0,109,1,TS
0,0,138,1,TS
0,0,131,1,TS
0,0,65,1,TS
1,0,89,1,TS
2,1,117,1,TS
0,0,61,1,TS
2,1,110,1,TS
0,0,101,1,TS
1,0,82,1,TS
3,0,132,1,TS
1,0,51,1,TS
0,1,128,1,TS
0,0,109,1,TS
0,0,112,1,TS
0,0,74,1,TS
0,0,72,1,TS
4,6,103,1,TS
2,2,139,1,TS
4,4,113,1,TS
0,0,99,1,TS
0,0,99,1,TS
0,0,99,1,TS
0,0,99,1,TS
2,0,88,1,TS
0,0,86,1,TS
1,1,128,1,TS
0,0,99,1,TS
0,0,28,1,TS
0,0,65,1,TS
0,0,94,1,TS
1,0,36,1,TS
0,0,42,1,TS
0,0,119,1,TS
1,1,37,1,TS
0,0,74,1,TS
0,0,28,1,TS
0,0,51,1,TS
0,0,77,1,TS
0,0,33,1,TS
1,0,41,1,TS
1,0,56,1,TS
0,0,99,1,TS
1,0,110,1,TS
0,0,140,1,TS
0,0,24,1,TS
0,4,107,1,TS
1,0,109,1,TS
0,0,24,1,TS
0,1,48,1,TS
0,0,101,1,TS
1,0,70,1,TS
1,0,42,1,TS
0,0,136,1,TS
1,1,139,1,TS
0,0,52,1,TS
0,0,24,1,TS
0,0,99,1,TS
2,0,46,1,TS
0,1,26,1,TS
0,0,99,1,TS
0,0,99,1,TS
1,0,127,1,TS
1,2,61,1,TS
0,0,99,1,TS
0,0,31,1,TS
0,0,61,1,TS
2,0,108,1,TS
0,0,36,1,TS
0,0,63,1,TS
0,1,62,1,TS
1,0,46,1,TS
0,0,144,1,TS
0,0,63,1,TS
1,0,122,1,TS
0,0,84,1,TS
2,0,44,1,TS
6,10,130,1,TS
0,0,84,1,TS
1,0,100,1,TS
1,0,78,1,TS
0,0,18,1,TS
0,0,63,1,TS
1,0,140,1,TS
0,0,74,1,TS
3,1,112,1,TS
0,0,58,1,TS
1,0,92,1,TS
3,0,138,1,TS
3,0,126,1,TS
4,4,134,1,TS
2,1,108,1,TS
6,0,107,1,TS
0,1,138,1,TS
1,0,81,1,TS
2,0,34,1,TS
2,0,137,1,TS
3,1,52,1,TS
4,1,116,1,TS
2,0,88,1,TS
0,0,33,1,TS
1,2,105,1,TS
3,1,58,1,TS
3,5,69,1,TS
7,0,21,1,TS
1,1,123,1,TS
0,0,34,1,TS
5,1,133,1,TS
0,0,45,1,TS
1,4,142,1,TS
0,0,28,1,TS
3,0,105,1,TS
4,3,140,1,TS
0,0,71,1,TS
0,0,78,1,TS
0,0,101,1,TS
5,1,102,1,TS
0,0,139,1,TS
2,0,135,1,TS
2,0,135,1,TS
4,1,137,1,TS
0,0,23,1,TS
6,1,137,1,TS
3,2,88,1,TS
1,0,98,1,TS
1,0,102,1,TS
1,0,122,1,TS
0,0,72,1,TS
0,0,63,1,TS
5,0,59,1,TS
1,0,87,1,TS
0,0,96,1,TS
0,2,125,1,TS
3,2,140,1,TS
3,1,133,1,TS
1,0,122,1,TS
1,0,92,1,TS
0,0,138,1,TS
2,2,125,1,TS
0,1,131,1,TS
2,0,91,1,TS
5,0,67,1,TS
0,0,126,1,TS
1,0,138,1,TS
1,0,116,1,TS
1,0,106,1,TS
1,1,106,1,TS
1,5,127,1,TS
0,0,84,1,TS
1,0,58,1,TS
1,1,144,1,TS
1,0,49,1,TS
4,0,103,1,TS
2,0,97,1,TS
1,0,55,1,TS
0,0,60,1,TS
2,2,112,1,TS
3,1,139,1,TS
2,0,99,1,TS
0,0,32,1,TS
2,4,138,1,TS
1,0,86,1,TS
0,0,136,1,TS
2,1,132,1,TS
0,0,32,1,TS
3,1,73,1,TS
3,0,138,1,TS
1,0,95,1,TS
1,1,139,1,TS
1,0,98,1,TS
5,1,110,1,TS
2,1,104,1,TS
1,0,64,1,TS
3,0,132,1,TS
0,0,60,1,TS
0,0,57,1,TS
1,0,127,1,TS
0,0,88,1,TS
1,0,125,1,TS
0,0,124,1,TS
2,0,140,1,TS
0,0,133,1,TS
0,1,138,1,TS
0,0,96,1,TS
0,0,72,1,TS
1,1,138,1,TS
1,0,85,1,TS
0,0,101,1,TS
0,0,83,1,TS
0,0,112,1,TS
0,0,101,1,TS
0,0,83,1,TS
1,0,133,1,TS
2,2,110,1,TS
1,0,115,1,TS
1,0,98,1,TS
1,0,90,1,TS
2,0,116,1,TS
1,2,138,1,TS
0,0,78,1,TS
0,0,93,1,TS
1,1,140,1,TS
0,0,133,1,TS
0,0,141,1,TS
1,0,143,1,TS
0,0,141,1,TS
0,0,146,1,TS
0,0,137,1,TS
3,0,60,1,TS
2,0,132,1,TS
0,0,110,1,TS
1,0,130,1,TS
9,5,119,1,TS
4,1,113,1,TS
1,0,109,1,TS
0,0,71,1,TS
14,9,79,1,TS
1,0,99,1,TS
1,0,34,1,TS
3,0,138,1,TS
0,1,109,1,TS
3,1,132,1,TS
3,0,127,1,TS
0,0,19,1,TS
1,1,91,1,TS
1,0,59,1,TS
0,0,126,1,TS
2,3,68,1,TS
0,0,59,1,TS
0,0,72,1,TS
1,0,45,1,TS
1,1,138,1,TS
0,0,27,1,TS
0,0,106,1,TS
2,0,57,1,TS
2,0,139,1,TS
2,1,103,1,TS
2,0,113,1,TS
3,1,86,1,TS
0,0,104,1,TS
2,0,81,1,TS
0,0,41,1,TS
1,1,140,1,TS
3,0,82,1,TS
2,0,135,1,TS
2,0,96,1,TS
1,0,122,1,TS
1,2,132,1,TS
0,0,77,1,TS
0,0,138,1,TS
5,3,45,1,TS
0,0,138,1,TS
4,1,140,1,TS
4,0,92,1,TS
4,0,144,1,TS
0,0,63,1,TS
1,0,134,1,TS
0,0,138,1,TS
3,1,124,1,TS
9,4,46,1,TS
1,0,89,1,TS
0,0,77,1,TS
3,0,68,1,TS
14,2,62,1,TS
0,0,88,1,TS
5,1,66,1,TS
5,1,79,1,TS
1,0,92,1,TS
9,9,125,1,TS
3,0,66,1,TS
8,3,78,1,TS
0,2,104,1,TS
3,2,62,1,TS
0,0,138,1,TS
0,0,126,1,TS
0,0,102,1,TS
0,0,134,1,TS
2,0,59,1,TS
1,0,57,1,TS
3,0,101,1,TS
2,1,69,1,TS
3,0,132,1,TS
0,0,139,1,TS
1,0,109,1,TS
1,0,71,1,TS
2,0,70,1,TS
0,1,115,1,TS
1,1,76,1,TS
0,0,133,1,TS
1,0,117,1,TS
4,3,140,1,TS
1,0,53,1,TS
0,0,52,1,TS
0,0,74,1,TS
0,0,80,1,TS
0,2,139,1,TS
1,0,114,1,TS
9,5,137,1,TS
2,0,110,1,TS
4,0,44,1,TS
0,0,140,1,TS
1,0,112,1,TS
0,0,22,1,TS
0,0,34,1,TS
0,3,96,1,TS
0,2,127,1,TS
2,0,130,1,TS
2,1,144,1,TS
0,0,62,1,TS
1,0,77,1,TS
0,1,109,1,TS
0,0,126,1,TS
1,0,136,1,TS
0,0,120,1,TS
1,0,69,1,TS
1,1,104,1,TS
1,0,43,1,TS
0,0,119,1,TS
0,0,32,1,TS
0,0,85,1,TS
3,2,148,1,TS
0,0,50,1,TS
1,0,65,1,TS
2,2,73,1,TS
0,0,55,1,TS
0,0,72,1,TS
0,0,72,1,TS
0,0,123,1,TS
0,0,47,1,TS
0,0,63,1,TS
2,0,91,1,TS
0,0,69,1,TS
1,0,50,1,TS
1,0,45,1,TS
0,1,112,1,TS
0,0,97,1,TS
0,0,105,1,TS
0,0,84,1,TS
0,0,115,1,TS
1,0,28,1,TS
3,0,95,1,TS
0,0,71,1,TS
0,0,32,1,TS
1,0,133,1,TS
0,0,128,1,TS
3,0,91,1,TS
1,0,136,1,TS
0,0,98,1,TS
0,1,137,1,TS
1,0,118,1,TS
0,1,120,1,TS
1,0,61,1,TS
1,0,106,1,TS
0,0,74,1,TS
1,0,147,1,TS
1,0,56,1,TS
1,0,124,1,TS
0,1,139,1,TS
0,2,140,1,TS
0,0,103,1,TS
0,0,43,1,TS
0,0,60,1,TS
0,0,83,1,TS
1,0,51,1,TS
0,0,78,1,TS
0,0,64,1,TS
0,0,82,1,TS
0,0,41,1,TS
0,0,53,1,TS
0,0,55,1,TS
0,0,101,1,TS
0,0,61,1,TS
1,0,73,1,TS
0,0,84,1,TS
0,0,98,1,TS
1,0,133,1,TS
1,0,125,1,TS
0,0,51,1,TS
0,0,50,1,TS
0,0,58,1,TS
1,0,140,1,TS
0,2,135,1,TS
0,0,138,1,TS
3,1,129,1,TS
1,1,136,1,TS
2,0,140,1,TS
1,0,144,1,TS
0,0,66,1,TS
0,1,119,1,TS
5,1,128,1,TS
4,2,140,1,TS
0,1,141,1,TS
1,1,99,1,TS
0,0,33,1,TS
0,0,93,1,TS
0,0,71,1,TS
3,1,138,1,TS
2,0,140,1,TS
4,0,133,1,TS
0,0,102,1,TS
0,0,114,1,TS
3,0,116,1,TS
10,5,139,1,TS
3,0,140,1,TS
3,0,56,1,TS
4,1,82,1,TS
2,0,140,1,TS
2,0,53,1,TS
1,0,112,1,TS
7,3,137,1,TS
0,0,112,1,TS
7,4,134,1,TS
2,1,140,1,TS
0,0,132,1,TS
7,1,82,1,TS
6,1,92,1,TS
4,0,117,1,TS
1,1,117,1,TS
0,0,97,1,TS
0,0,84,1,TS
1,0,49,1,TS
0,0,82,1,TS
0,0,82,1,TS
2,1,140,1,TS
0,0,27,1,TS
0,0,27,1,TS
0,0,24,1,TS
0,0,48,1,TS
0,0,65,1,TS
0,0,27,1,TS
0,0,37,1,TS
0,0,37,1,TS
1,1,122,1,TS
0,2,94,1,TS
0,0,76,1,TS
1,0,139,1,TS
2,0,113,1,TS
2,2,64,1,TS
0,0,66,1,TS
0,0,143,1,TS
1,0,118,1,TS
1,0,135,1,TS
1,0,138,1,TS
0,0,50,1,TS
0,2,116,1,TS
0,0,46,1,TS
0,0,87,1,TS
0,0,67,1,TS
0,1,135,1,TS
1,0,28,1,TS
1,0,37,1,TS
0,0,35,1,TS
1,0,103,1,TS
3,1,56,1,TS
0,0,100,1,TS
1,0,59,1,TS
0,0,88,1,TS
1,0,54,1,TS
0,0,33,1,TS
1,0,99,1,TS
0,0,47,1,TS
0,0,64,1,TS
1,1,122,1,TS
1,0,76,1,TS
0,0,39,1,TS
0,0,110,1,TS
1,1,83,1,TS
6,0,60,1,TS
3,1,130,1,TS
0,0,27,1,TS
1,0,77,1,TS
8,5,69,1,TS
6,0,81,1,TS
0,0,137,1,TS
0,0,108,1,TS
1,0,59,1,TS
0,0,121,1,TS
0,0,56,1,TS
0,0,138,1,TS
2,0,139,1,TS
0,0,41,1,TS
0,0,65,1,TS
2,0,138,1,TS
1,0,122,1,TS
3,2,108,1,TS
5,3,76,1,TS
1,0,124,1,TS
0,0,139,1,TS
0,0,100,1,TS
0,0,132,1,TS
0,0,52,1,TS
1,0,138,1,TS
0,0,48,1,TS
1,0,121,1,TS
0,0,15,1,TS
2,0,78,1,TS
4,2,103,1,TS
5,0,52,1,TS
3,0,95,1,TS
0,0,100,1,TS
3,2,112,1,TS
2,0,27,1,TS
1,1,107,1,TS
2,0,45,1,TS
0,0,77,1,TS
1,0,58,1,TS
1,0,73,1,TS
0,0,86,1,TS
1,0,61,1,TS
2,0,140,1,TS
0,0,63,1,TS
0,0,97,1,TS
0,0,64,1,TS
0,0,112,1,TS
0,0,62,1,TS
1,1,140,1,TS
0,0,139,1,TS
1,0,123,1,TS
1,0,72,1,TS
1,1,131,1,TS
2,1,96,1,TS
1,0,55,1,TS
0,0,60,1,TS
2,0,119,1,TS
1,0,91,1,TS
1,0,87,1,TS
1,0,137,1,TS
1,0,138,1,TS
0,0,117,1,TS
0,0,128,1,TS
0,0,42,1,TS
0,5,139,1,TS
0,0,124,1,TS
0,0,94,1,TS
0,0,133,1,TS
1,0,49,1,TS
0,0,72,1,TS
0,0,47,1,TS
1,1,62,1,TS
0,0,90,1,TS
4,4,140,1,TS
0,0,138,1,TS
2,3,138,1,TS
3,0,53,1,TS
0,0,42,1,TS
1,0,19,1,TS
0,0,63,1,TS
0,0,97,1,TS
0,0,55,1,TS
0,0,131,1,TS
4,0,129,1,TS
0,0,141,1,TS
0,1,135,1,TS
1,0,75,1,TS
3,0,95,1,TS
0,0,60,1,TS
0,0,66,1,TS
2,3,103,1,TS
0,0,61,1,TS
0,0,73,1,TS
0,1,129,1,TS
6,0,106,1,TS
0,0,51,1,TS
2,3,134,1,TS
0,0,21,1,TS
1,0,25,1,TS
0,0,34,1,TS
3,0,30,1,TS
1,2,127,1,TS
0,0,43,1,TS
0,0,32,1,TS
0,0,48,1,TS
2,0,133,1,TS
0,0,131,1,TS
1,1,67,1,TS
1,0,87,1,TS
0,0,39,1,TS
1,3,138,1,TS
1,0,101,1,TS
2,1,118,1,TS
0,0,125,1,TS
0,0,139,1,TS
0,0,60,1,TS
3,2,140,1,TS
0,0,61,1,TS
0,0,73,1,TS
0,0,65,1,TS
3,0,95,1,TS
0,0,99,1,TS
0,0,102,1,TS
1,2,131,1,TS
1,0,137,1,TS
2,0,124,1,TS
0,0,88,1,TS
0,0,126,1,TS
2,0,55,1,TS
1,0,77,1,TS
0,2,142,1,TS
0,1,112,1,TS
0,0,65,1,TS
3,1,131,1,TS
1,0,137,1,TS
1,2,142,1,TS
2,0,69,1,TS
4,0,81,1,TS
1,1,114,1,TS
8,5,141,1,TS
1,0,122,1,TS
0,0,83,1,TS
0,0,51,1,TS
0,0,90,1,TS
3,2,103,1,TS
0,0,69,1,TS
1,0,92,1,TS
2,0,93,1,TS
1,0,35,1,TS
0,0,122,1,TS
1,1,62,1,TS
0,0,29,1,TS
0,0,55,1,TS
1,0,61,1,TS
0,0,27,1,TS
1,0,95,1,TS
0,0,70,1,TS
0,0,64,1,TS
1,0,83,1,TS
0,0,50,1,TS
0,0,35,1,TS
0,1,142,1,TS
0,0,113,1,TS
2,0,52,1,TS
1,1,126,1,TS
7,3,138,1,TS
2,1,55,1,TS
1,1,88,1,TS
0,0,35,1,TS
4,0,134,1,TS
0,0,35,1,TS
4,3,143,1,TS
0,0,126,1,TS
0,0,98,1,TS
0,0,53,1,TS
1,0,42,1,TS
0,1,60,1,TS
1,0,97,1,TS
0,0,82,1,TS
0,0,98,1,TS
0,0,126,1,TS
2,0,124,1,TS
0,0,92,1,TS
2,1,73,1,TS
1,0,130,1,TS
0,0,138,1,TS
0,0,19,1,TS
2,0,134,1,TS
0,0,111,1,TS
0,0,138,1,TS
1,0,113,1,TS
1,0,135,1,TS
1,0,115,1,TS
0,0,81,1,TS
0,0,41,1,TS
0,0,122,1,TS
3,1,125,1,TS
1,0,94,1,TS
0,0,135,1,TS
0,1,137,1,TS
0,0,132,1,TS
0,1,146,1,TS
0,1,134,1,TS
0,2,46,1,TS
4,3,89,1,TS
0,0,80,1,TS
3,1,85,1,TS
1,3,90,1,TS
0,0,100,1,TS
4,1,119,1,TS
2,1,76,1,TS
0,1,96,1,TS
4,0,78,1,TS
0,0,62,1,TS
1,0,135,1,TS
0,0,70,1,TS
0,0,100,1,TS
1,0,61,1,TS
2,0,139,1,TS
0,0,138,1,TS
0,0,53,1,TS
0,0,84,1,TS
1,0,119,1,TS
0,0,79,1,TS
1,0,110,1,TS
0,0,89,1,TS
1,0,77,1,TS
1,0,77,1,TS
2,0,50,1,TS
6,0,80,1,TS
3,6,109,1,TS
1,0,83,1,TS
1,0,69,1,TS
6,0,67,1,TS
1,0,53,1,TS
2,1,114,1,TS
0,1,83,1,TS
1,0,50,1,TS
2,1,131,1,TS
2,0,131,1,TS
9,3,84,1,TS
2,0,117,1,TS
1,0,93,1,TS
0,0,42,1,TS
0,0,32,1,TS
5,1,92,1,TS
4,1,57,1,TS
1,0,83,1,TS
2,0,108,1,TS
2,0,25,1,TS
0,0,68,1,TS
2,0,78,1,TS
1,0,110,1,TS
0,0,58,1,TS
0,0,136,1,TS
0,0,38,1,TS
1,0,50,1,TS
1,0,138,1,TS
0,0,128,1,TS
1,0,52,1,TS
1,1,132,1,TS
0,0,126,1,TS
0,0,100,1,TS
1,1,61,1,TS
1,0,81,1,TS
3,1,140,1,TS
0,0,59,1,TS
1,0,66,1,TS
5,0,88,1,TS
1,1,140,1,TS
0,0,57,1,TS
1,0,50,1,TS
1,0,24,1,TS
3,1,86,1,TS
1,1,102,1,TS
1,0,50,1,TS
1,0,47,1,TS
1,0,73,1,TS
1,0,128,1,TS
0,0,80,1,TS
1,0,77,1,TS
9,8,61,1,TS
0,0,137,1,TS
1,0,115,1,TS
1,0,28,1,TS
1,0,136,1,TS
1,0,87,1,TS
0,0,127,1,TS
1,0,132,1,TS
7,4,133,1,TS
0,0,124,1,TS
2,0,135,1,TS
0,0,41,1,TS
2,0,132,1,TS
0,0,54,1,TS
0,0,36,1,TS
